run_at,runtime,os,arch,cpu,git_commit,warmup,repetitions,family,resolution,vertices,triangles,euler,boundary_loops,format,bytes,implementation,repetition,duration_ms
2026-10-06T16:03:05.556Z,node 22.23.3,linux,x64,Intel(R) Core(TM) i5-10400F CPU @ 2.90GHz,b60d2fc93720,2,7,torus,16,512,1024,0,0,obj,29304,lib-c,1,6.3452
2026-10-06T16:03:05.556Z,node 22.23.3,linux,x64,Intel(R) Core(TM) i5-10400F CPU @ 2.90GHz,b60d2fc93720,2,7,torus,16,512,1024,0,0,obj,29304,lib-c,2,5.2879
2026-10-06T16:03:05.556Z,node 22.23.3,linux,x64,Intel(R) Core(TM) i5-10400F CPU @ 2.90GHz,b60d2fc93720,2,7,torus,16,512,1024,0,0,obj,29304,lib-c,3,4.3736
2026-10-06T16:03:05.556Z,node 22.23.3,linux,x64,Intel(R) Core(TM) i5-10400F CPU @ 2.90GHz,b60d2fc93720,2,7,torus,16,512,1024,0,0,obj,29304,lib-c,4,5.2368
2026-10-06T16:03:05.556Z,node 22.23.3,linux,x64,Intel(R) Core(TM) i5-10400F CPU @ 2.90GHz,b60d2fc93720,2,7,torus,16,512,1024,0,0,obj,29304,lib-c,5,4.2730
2026-10-06T16:03:05.556Z,node 22.23.3,linux,x64,Intel(R) Core(TM) i5-10400F CPU @ 2.90GHz,b60d2fc93720,2,7,torus,16,512,1024,0,0,obj,29304,lib-c,6,3.0143
2026-10-06T16:03:05.556Z,node 22.23.3,linux,x64,Intel(R) Core(TM) i5-10400F CPU @ 2.90GHz,b60d2fc93720,2,7,torus,16,512,1024,0,0,obj,29304,lib-c,7,3.1166
2026-10-06T16:03:05.556Z,node 22.23.3,linux,x64,Intel(R) Core(TM) i5-10400F CPU @ 2.90GHz,b60d2fc93720,2,7,torus,16,512,1024,0,0,obj,29304,topologie,1,5.2251
2026-10-06T16:03:05.556Z,node 22.23.3,linux,x64,Intel(R) Core(TM) i5-10400F CPU @ 2.90GHz,b60d2fc93720,2,7,torus,16,512,1024,0,0,obj,29304,topologie,2,5.3994
2026-10-06T16:03:05.556Z,node 22.23.3,linux,x64,Intel(R) Core(TM) i5-10400F CPU @ 2.90GHz,b60d2fc93720,2,7,torus,16,512,1024,0,0,obj,29304,topologie,3,3.2832
2026-10-06T16:03:05.556Z,node 22.23.3,linux,x64,Intel(R) Core(TM) i5-10400F CPU @ 2.90GHz,b60d2fc93720,2,7,torus,16,512,1024,0,0,obj,29304,topologie,4,2.8431
2026-10-06T16:03:05.556Z,node 22.23.3,linux,x64,Intel(R) Core(TM) i5-10400F CPU @ 2.90GHz,b60d2fc93720,2,7,torus,16,512,1024,0,0,obj,29304,topologie,5,2.7884
2026-10-06T16:03:05.556Z,node 22.23.3,linux,x64,Intel(R) Core(TM) i5-10400F CPU @ 2.90GHz,b60d2fc93720,2,7,torus,16,512,1024,0,0,obj,29304,topologie,6,2.7726
2026-10-06T16:03:05.556Z,node 22.23.3,linux,x64,Intel(R) Core(TM) i5-10400F CPU @ 2.90GHz,b60d2fc93720,2,7,torus,16,512,1024,0,0,obj,29304,topologie,7,3.7451
2026-10-06T16:03:05.556Z,node 22.23.3,linux,x64,Intel(R) Core(TM) i5-10400F CPU @ 2.90GHz,b60d2fc93720,2,7,torus,16,512,1024,0,0,ply,19684,lib-c,1,1.5325
2026-10-06T16:03:05.556Z,node 22.23.3,linux,x64,Intel(R) Core(TM) i5-10400F CPU @ 2.90GHz,b60d2fc93720,2,7,torus,16,512,1024,0,0,ply,19684,lib-c,2,1.3722
2026-10-06T16:03:05.556Z,node 22.23.3,linux,x64,Intel(R) Core(TM) i5-10400F CPU @ 2.90GHz,b60d2fc93720,2,7,torus,16,512,1024,0,0,ply,19684,lib-c,3,1.9587
2026-10-06T16:03:05.556Z,node 22.23.3,linux,x64,Intel(R) Core(TM) i5-10400F CPU @ 2.90GHz,b60d2fc93720,2,7,torus,16,512,1024,0,0,ply,19684,lib-c,4,2.0533
2026-10-06T16:03:05.556Z,node 22.23.3,linux,x64,Intel(R) Core(TM) i5-10400F CPU @ 2.90GHz,b60d2fc93720,2,7,torus,16,512,1024,0,0,ply,19684,lib-c,5,2.2214
2026-10-06T16:03:05.556Z,node 22.23.3,linux,x64,Intel(R) Core(TM) i5-10400F CPU @ 2.90GHz,b60d2fc93720,2,7,torus,16,512,1024,0,0,ply,19684,lib-c,6,1.9724
2026-10-06T16:03:05.556Z,node 22.23.3,linux,x64,Intel(R) Core(TM) i5-10400F CPU @ 2.90GHz,b60d2fc93720,2,7,torus,16,512,1024,0,0,ply,19684,lib-c,7,2.1501
2026-10-06T16:03:05.556Z,node 22.23.3,linux,x64,Intel(R) Core(TM) i5-10400F CPU @ 2.90GHz,b60d2fc93720,2,7,torus,16,512,1024,0,0,ply,19684,topologie,1,0.7310
2026-10-06T16:03:05.556Z,node 22.23.3,linux,x64,Intel(R) Core(TM) i5-10400F CPU @ 2.90GHz,b60d2fc93720,2,7,torus,16,512,1024,0,0,ply,19684,topologie,2,0.9104
2026-10-06T16:03:05.556Z,node 22.23.3,linux,x64,Intel(R) Core(TM) i5-10400F CPU @ 2.90GHz,b60d2fc93720,2,7,torus,16,512,1024,0,0,ply,19684,topologie,3,0.9875
2026-10-06T16:03:05.556Z,node 22.23.3,linux,x64,Intel(R) Core(TM) i5-10400F CPU @ 2.90GHz,b60d2fc93720,2,7,torus,16,512,1024,0,0,ply,19684,topologie,4,0.8945
2026-10-06T16:03:05.556Z,node 22.23.3,linux,x64,Intel(R) Core(TM) i5-10400F CPU @ 2.90GHz,b60d2fc93720,2,7,torus,16,512,1024,0,0,ply,19684,topologie,5,1.1602
2026-10-06T16:03:05.556Z,node 22.23.3,linux,x64,Intel(R) Core(TM) i5-10400F CPU @ 2.90GHz,b60d2fc93720,2,7,torus,16,512,1024,0,0,ply,19684,topologie,6,0.9873
2026-10-06T16:03:05.556Z,node 22.23.3,linux,x64,Intel(R) Core(TM) i5-10400F CPU @ 2.90GHz,b60d2fc93720,2,7,torus,16,512,1024,0,0,ply,19684,topologie,7,1.1046
2026-10-06T16:03:05.556Z,node 22.23.3,linux,x64,Intel(R) Core(TM) i5-10400F CPU @ 2.90GHz,b60d2fc93720,2,7,torus,16,512,1024,0,0,stl,51284,lib-c,1,3.9690
2026-10-06T16:03:05.556Z,node 22.23.3,linux,x64,Intel(R) Core(TM) i5-10400F CPU @ 2.90GHz,b60d2fc93720,2,7,torus,16,512,1024,0,0,stl,51284,lib-c,2,3.7817
2026-10-06T16:03:05.556Z,node 22.23.3,linux,x64,Intel(R) Core(TM) i5-10400F CPU @ 2.90GHz,b60d2fc93720,2,7,torus,16,512,1024,0,0,stl,51284,lib-c,3,4.2844
2026-10-06T16:03:05.556Z,node 22.23.3,linux,x64,Intel(R) Core(TM) i5-10400F CPU @ 2.90GHz,b60d2fc93720,2,7,torus,16,512,1024,0,0,stl,51284,lib-c,4,4.1570
2026-10-06T16:03:05.556Z,node 22.23.3,linux,x64,Intel(R) Core(TM) i5-10400F CPU @ 2.90GHz,b60d2fc93720,2,7,torus,16,512,1024,0,0,stl,51284,lib-c,5,4.2751
2026-10-06T16:03:05.556Z,node 22.23.3,linux,x64,Intel(R) Core(TM) i5-10400F CPU @ 2.90GHz,b60d2fc93720,2,7,torus,16,512,1024,0,0,stl,51284,lib-c,6,4.7123
2026-10-06T16:03:05.556Z,node 22.23.3,linux,x64,Intel(R) Core(TM) i5-10400F CPU @ 2.90GHz,b60d2fc93720,2,7,torus,16,512,1024,0,0,stl,51284,lib-c,7,3.7612
2026-10-06T16:03:05.556Z,node 22.23.3,linux,x64,Intel(R) Core(TM) i5-10400F CPU @ 2.90GHz,b60d2fc93720,2,7,torus,16,512,1024,0,0,stl,51284,topologie,1,3.4129
2026-10-06T16:03:05.556Z,node 22.23.3,linux,x64,Intel(R) Core(TM) i5-10400F CPU @ 2.90GHz,b60d2fc93720,2,7,torus,16,512,1024,0,0,stl,51284,topologie,2,3.4294
2026-10-06T16:03:05.556Z,node 22.23.3,linux,x64,Intel(R) Core(TM) i5-10400F CPU @ 2.90GHz,b60d2fc93720,2,7,torus,16,512,1024,0,0,stl,51284,topologie,3,3.0651
2026-10-06T16:03:05.556Z,node 22.23.3,linux,x64,Intel(R) Core(TM) i5-10400F CPU @ 2.90GHz,b60d2fc93720,2,7,torus,16,512,1024,0,0,stl,51284,topologie,4,3.4107
2026-10-06T16:03:05.556Z,node 22.23.3,linux,x64,Intel(R) Core(TM) i5-10400F CPU @ 2.90GHz,b60d2fc93720,2,7,torus,16,512,1024,0,0,stl,51284,topologie,5,3.6003
2026-10-06T16:03:05.556Z,node 22.23.3,linux,x64,Intel(R) Core(TM) i5-10400F CPU @ 2.90GHz,b60d2fc93720,2,7,torus,16,512,1024,0,0,stl,51284,topologie,6,3.1566
2026-10-06T16:03:05.556Z,node 22.23.3,linux,x64,Intel(R) Core(TM) i5-10400F CPU @ 2.90GHz,b60d2fc93720,2,7,torus,16,512,1024,0,0,stl,51284,topologie,7,2.3998
2026-10-06T16:03:05.556Z,node 22.23.3,linux,x64,Intel(R) Core(TM) i5-10400F CPU @ 2.90GHz,b60d2fc93720,2,7,torus,32,2048,4096,0,0,obj,125406,lib-c,1,16.0537
2026-10-06T16:03:05.556Z,node 22.23.3,linux,x64,Intel(R) Core(TM) i5-10400F CPU @ 2.90GHz,b60d2fc93720,2,7,torus,32,2048,4096,0,0,obj,125406,lib-c,2,20.7729
2026-10-06T16:03:05.556Z,node 22.23.3,linux,x64,Intel(R) Core(TM) i5-10400F CPU @ 2.90GHz,b60d2fc93720,2,7,torus,32,2048,4096,0,0,obj,125406,lib-c,3,17.1423
2026-10-06T16:03:05.556Z,node 22.23.3,linux,x64,Intel(R) Core(TM) i5-10400F CPU @ 2.90GHz,b60d2fc93720,2,7,torus,32,2048,4096,0,0,obj,125406,lib-c,4,18.6677
2026-10-06T16:03:05.556Z,node 22.23.3,linux,x64,Intel(R) Core(TM) i5-10400F CPU @ 2.90GHz,b60d2fc93720,2,7,torus,32,2048,4096,0,0,obj,125406,lib-c,5,15.5885
2026-10-06T16:03:05.556Z,node 22.23.3,linux,x64,Intel(R) Core(TM) i5-10400F CPU @ 2.90GHz,b60d2fc93720,2,7,torus,32,2048,4096,0,0,obj,125406,lib-c,6,16.7690
2026-10-06T16:03:05.556Z,node 22.23.3,linux,x64,Intel(R) Core(TM) i5-10400F CPU @ 2.90GHz,b60d2fc93720,2,7,torus,32,2048,4096,0,0,obj,125406,lib-c,7,19.2047
2026-10-06T16:03:05.556Z,node 22.23.3,linux,x64,Intel(R) Core(TM) i5-10400F CPU @ 2.90GHz,b60d2fc93720,2,7,torus,32,2048,4096,0,0,obj,125406,topologie,1,13.0430
2026-10-06T16:03:05.556Z,node 22.23.3,linux,x64,Intel(R) Core(TM) i5-10400F CPU @ 2.90GHz,b60d2fc93720,2,7,torus,32,2048,4096,0,0,obj,125406,topologie,2,13.8166
2026-10-06T16:03:05.556Z,node 22.23.3,linux,x64,Intel(R) Core(TM) i5-10400F CPU @ 2.90GHz,b60d2fc93720,2,7,torus,32,2048,4096,0,0,obj,125406,topologie,3,12.0258
2026-10-06T16:03:05.556Z,node 22.23.3,linux,x64,Intel(R) Core(TM) i5-10400F CPU @ 2.90GHz,b60d2fc93720,2,7,torus,32,2048,4096,0,0,obj,125406,topologie,4,13.0460
2026-10-06T16:03:05.556Z,node 22.23.3,linux,x64,Intel(R) Core(TM) i5-10400F CPU @ 2.90GHz,b60d2fc93720,2,7,torus,32,2048,4096,0,0,obj,125406,topologie,5,10.7660
2026-10-06T16:03:05.556Z,node 22.23.3,linux,x64,Intel(R) Core(TM) i5-10400F CPU @ 2.90GHz,b60d2fc93720,2,7,torus,32,2048,4096,0,0,obj,125406,topologie,6,10.9916
2026-10-06T16:03:05.556Z,node 22.23.3,linux,x64,Intel(R) Core(TM) i5-10400F CPU @ 2.90GHz,b60d2fc93720,2,7,torus,32,2048,4096,0,0,obj,125406,topologie,7,12.0584
2026-10-06T16:03:05.556Z,node 22.23.3,linux,x64,Intel(R) Core(TM) i5-10400F CPU @ 2.90GHz,b60d2fc93720,2,7,torus,32,2048,4096,0,0,ply,78053,lib-c,1,5.8986
2026-10-06T16:03:05.556Z,node 22.23.3,linux,x64,Intel(R) Core(TM) i5-10400F CPU @ 2.90GHz,b60d2fc93720,2,7,torus,32,2048,4096,0,0,ply,78053,lib-c,2,6.6444
2026-10-06T16:03:05.556Z,node 22.23.3,linux,x64,Intel(R) Core(TM) i5-10400F CPU @ 2.90GHz,b60d2fc93720,2,7,torus,32,2048,4096,0,0,ply,78053,lib-c,3,5.3009
2026-10-06T16:03:05.556Z,node 22.23.3,linux,x64,Intel(R) Core(TM) i5-10400F CPU @ 2.90GHz,b60d2fc93720,2,7,torus,32,2048,4096,0,0,ply,78053,lib-c,4,6.5615
2026-10-06T16:03:05.556Z,node 22.23.3,linux,x64,Intel(R) Core(TM) i5-10400F CPU @ 2.90GHz,b60d2fc93720,2,7,torus,32,2048,4096,0,0,ply,78053,lib-c,5,5.4027
2026-10-06T16:03:05.556Z,node 22.23.3,linux,x64,Intel(R) Core(TM) i5-10400F CPU @ 2.90GHz,b60d2fc93720,2,7,torus,32,2048,4096,0,0,ply,78053,lib-c,6,6.1760
2026-10-06T16:03:05.556Z,node 22.23.3,linux,x64,Intel(R) Core(TM) i5-10400F CPU @ 2.90GHz,b60d2fc93720,2,7,torus,32,2048,4096,0,0,ply,78053,lib-c,7,6.4959
2026-10-06T16:03:05.556Z,node 22.23.3,linux,x64,Intel(R) Core(TM) i5-10400F CPU @ 2.90GHz,b60d2fc93720,2,7,torus,32,2048,4096,0,0,ply,78053,topologie,1,6.2113
2026-10-06T16:03:05.556Z,node 22.23.3,linux,x64,Intel(R) Core(TM) i5-10400F CPU @ 2.90GHz,b60d2fc93720,2,7,torus,32,2048,4096,0,0,ply,78053,topologie,2,3.0157
2026-10-06T16:03:05.556Z,node 22.23.3,linux,x64,Intel(R) Core(TM) i5-10400F CPU @ 2.90GHz,b60d2fc93720,2,7,torus,32,2048,4096,0,0,ply,78053,topologie,3,2.4017
2026-10-06T16:03:05.556Z,node 22.23.3,linux,x64,Intel(R) Core(TM) i5-10400F CPU @ 2.90GHz,b60d2fc93720,2,7,torus,32,2048,4096,0,0,ply,78053,topologie,4,3.1144
2026-10-06T16:03:05.556Z,node 22.23.3,linux,x64,Intel(R) Core(TM) i5-10400F CPU @ 2.90GHz,b60d2fc93720,2,7,torus,32,2048,4096,0,0,ply,78053,topologie,5,6.1705
2026-10-06T16:03:05.556Z,node 22.23.3,linux,x64,Intel(R) Core(TM) i5-10400F CPU @ 2.90GHz,b60d2fc93720,2,7,torus,32,2048,4096,0,0,ply,78053,topologie,6,3.3333
2026-10-06T16:03:05.556Z,node 22.23.3,linux,x64,Intel(R) Core(TM) i5-10400F CPU @ 2.90GHz,b60d2fc93720,2,7,torus,32,2048,4096,0,0,ply,78053,topologie,7,4.1321
2026-10-06T16:03:05.556Z,node 22.23.3,linux,x64,Intel(R) Core(TM) i5-10400F CPU @ 2.90GHz,b60d2fc93720,2,7,torus,32,2048,4096,0,0,stl,204884,lib-c,1,17.4067
2026-10-06T16:03:05.556Z,node 22.23.3,linux,x64,Intel(R) Core(TM) i5-10400F CPU @ 2.90GHz,b60d2fc93720,2,7,torus,32,2048,4096,0,0,stl,204884,lib-c,2,12.5126
2026-10-06T16:03:05.556Z,node 22.23.3,linux,x64,Intel(R) Core(TM) i5-10400F CPU @ 2.90GHz,b60d2fc93720,2,7,torus,32,2048,4096,0,0,stl,204884,lib-c,3,12.2588
2026-10-06T16:03:05.556Z,node 22.23.3,linux,x64,Intel(R) Core(TM) i5-10400F CPU @ 2.90GHz,b60d2fc93720,2,7,torus,32,2048,4096,0,0,stl,204884,lib-c,4,14.1436
2026-10-06T16:03:05.556Z,node 22.23.3,linux,x64,Intel(R) Core(TM) i5-10400F CPU @ 2.90GHz,b60d2fc93720,2,7,torus,32,2048,4096,0,0,stl,204884,lib-c,5,17.2334
2026-10-06T16:03:05.556Z,node 22.23.3,linux,x64,Intel(R) Core(TM) i5-10400F CPU @ 2.90GHz,b60d2fc93720,2,7,torus,32,2048,4096,0,0,stl,204884,lib-c,6,13.2925
2026-10-06T16:03:05.556Z,node 22.23.3,linux,x64,Intel(R) Core(TM) i5-10400F CPU @ 2.90GHz,b60d2fc93720,2,7,torus,32,2048,4096,0,0,stl,204884,lib-c,7,16.0515
2026-10-06T16:03:05.556Z,node 22.23.3,linux,x64,Intel(R) Core(TM) i5-10400F CPU @ 2.90GHz,b60d2fc93720,2,7,torus,32,2048,4096,0,0,stl,204884,topologie,1,10.9911
2026-10-06T16:03:05.556Z,node 22.23.3,linux,x64,Intel(R) Core(TM) i5-10400F CPU @ 2.90GHz,b60d2fc93720,2,7,torus,32,2048,4096,0,0,stl,204884,topologie,2,14.3298
2026-10-06T16:03:05.556Z,node 22.23.3,linux,x64,Intel(R) Core(TM) i5-10400F CPU @ 2.90GHz,b60d2fc93720,2,7,torus,32,2048,4096,0,0,stl,204884,topologie,3,11.7251
2026-10-06T16:03:05.556Z,node 22.23.3,linux,x64,Intel(R) Core(TM) i5-10400F CPU @ 2.90GHz,b60d2fc93720,2,7,torus,32,2048,4096,0,0,stl,204884,topologie,4,33.2982
2026-10-06T16:03:05.556Z,node 22.23.3,linux,x64,Intel(R) Core(TM) i5-10400F CPU @ 2.90GHz,b60d2fc93720,2,7,torus,32,2048,4096,0,0,stl,204884,topologie,5,22.1928
2026-10-06T16:03:05.556Z,node 22.23.3,linux,x64,Intel(R) Core(TM) i5-10400F CPU @ 2.90GHz,b60d2fc93720,2,7,torus,32,2048,4096,0,0,stl,204884,topologie,6,15.7745
2026-10-06T16:03:05.556Z,node 22.23.3,linux,x64,Intel(R) Core(TM) i5-10400F CPU @ 2.90GHz,b60d2fc93720,2,7,torus,32,2048,4096,0,0,stl,204884,topologie,7,19.4541
2026-10-06T16:03:05.556Z,node 22.23.3,linux,x64,Intel(R) Core(TM) i5-10400F CPU @ 2.90GHz,b60d2fc93720,2,7,torus,64,8192,16384,0,0,obj,521598,lib-c,1,75.6806
2026-10-06T16:03:05.556Z,node 22.23.3,linux,x64,Intel(R) Core(TM) i5-10400F CPU @ 2.90GHz,b60d2fc93720,2,7,torus,64,8192,16384,0,0,obj,521598,lib-c,2,64.2489
2026-10-06T16:03:05.556Z,node 22.23.3,linux,x64,Intel(R) Core(TM) i5-10400F CPU @ 2.90GHz,b60d2fc93720,2,7,torus,64,8192,16384,0,0,obj,521598,lib-c,3,70.3197
2026-10-06T16:03:05.556Z,node 22.23.3,linux,x64,Intel(R) Core(TM) i5-10400F CPU @ 2.90GHz,b60d2fc93720,2,7,torus,64,8192,16384,0,0,obj,521598,lib-c,4,64.1499
2026-10-06T16:03:05.556Z,node 22.23.3,linux,x64,Intel(R) Core(TM) i5-10400F CPU @ 2.90GHz,b60d2fc93720,2,7,torus,64,8192,16384,0,0,obj,521598,lib-c,5,74.2151
2026-10-06T16:03:05.556Z,node 22.23.3,linux,x64,Intel(R) Core(TM) i5-10400F CPU @ 2.90GHz,b60d2fc93720,2,7,torus,64,8192,16384,0,0,obj,521598,lib-c,6,64.8950
2026-10-06T16:03:05.556Z,node 22.23.3,linux,x64,Intel(R) Core(TM) i5-10400F CPU @ 2.90GHz,b60d2fc93720,2,7,torus,64,8192,16384,0,0,obj,521598,lib-c,7,65.1516
2026-10-06T16:03:05.556Z,node 22.23.3,linux,x64,Intel(R) Core(TM) i5-10400F CPU @ 2.90GHz,b60d2fc93720,2,7,torus,64,8192,16384,0,0,obj,521598,topologie,1,53.0594
2026-10-06T16:03:05.556Z,node 22.23.3,linux,x64,Intel(R) Core(TM) i5-10400F CPU @ 2.90GHz,b60d2fc93720,2,7,torus,64,8192,16384,0,0,obj,521598,topologie,2,57.9902
2026-10-06T16:03:05.556Z,node 22.23.3,linux,x64,Intel(R) Core(TM) i5-10400F CPU @ 2.90GHz,b60d2fc93720,2,7,torus,64,8192,16384,0,0,obj,521598,topologie,3,51.4853
2026-10-06T16:03:05.556Z,node 22.23.3,linux,x64,Intel(R) Core(TM) i5-10400F CPU @ 2.90GHz,b60d2fc93720,2,7,torus,64,8192,16384,0,0,obj,521598,topologie,4,45.4519
2026-10-06T16:03:05.556Z,node 22.23.3,linux,x64,Intel(R) Core(TM) i5-10400F CPU @ 2.90GHz,b60d2fc93720,2,7,torus,64,8192,16384,0,0,obj,521598,topologie,5,49.5044
2026-10-06T16:03:05.556Z,node 22.23.3,linux,x64,Intel(R) Core(TM) i5-10400F CPU @ 2.90GHz,b60d2fc93720,2,7,torus,64,8192,16384,0,0,obj,521598,topologie,6,45.8047
2026-10-06T16:03:05.556Z,node 22.23.3,linux,x64,Intel(R) Core(TM) i5-10400F CPU @ 2.90GHz,b60d2fc93720,2,7,torus,64,8192,16384,0,0,obj,521598,topologie,7,49.2190
2026-10-06T16:03:05.556Z,node 22.23.3,linux,x64,Intel(R) Core(TM) i5-10400F CPU @ 2.90GHz,b60d2fc93720,2,7,torus,64,8192,16384,0,0,ply,311526,lib-c,1,22.2675
2026-10-06T16:03:05.556Z,node 22.23.3,linux,x64,Intel(R) Core(TM) i5-10400F CPU @ 2.90GHz,b60d2fc93720,2,7,torus,64,8192,16384,0,0,ply,311526,lib-c,2,21.6906
2026-10-06T16:03:05.556Z,node 22.23.3,linux,x64,Intel(R) Core(TM) i5-10400F CPU @ 2.90GHz,b60d2fc93720,2,7,torus,64,8192,16384,0,0,ply,311526,lib-c,3,21.5445
2026-10-06T16:03:05.556Z,node 22.23.3,linux,x64,Intel(R) Core(TM) i5-10400F CPU @ 2.90GHz,b60d2fc93720,2,7,torus,64,8192,16384,0,0,ply,311526,lib-c,4,21.4196
2026-10-06T16:03:05.556Z,node 22.23.3,linux,x64,Intel(R) Core(TM) i5-10400F CPU @ 2.90GHz,b60d2fc93720,2,7,torus,64,8192,16384,0,0,ply,311526,lib-c,5,25.1515
2026-10-06T16:03:05.556Z,node 22.23.3,linux,x64,Intel(R) Core(TM) i5-10400F CPU @ 2.90GHz,b60d2fc93720,2,7,torus,64,8192,16384,0,0,ply,311526,lib-c,6,30.9601
2026-10-06T16:03:05.556Z,node 22.23.3,linux,x64,Intel(R) Core(TM) i5-10400F CPU @ 2.90GHz,b60d2fc93720,2,7,torus,64,8192,16384,0,0,ply,311526,lib-c,7,21.6629
2026-10-06T16:03:05.556Z,node 22.23.3,linux,x64,Intel(R) Core(TM) i5-10400F CPU @ 2.90GHz,b60d2fc93720,2,7,torus,64,8192,16384,0,0,ply,311526,topologie,1,12.0943
2026-10-06T16:03:05.556Z,node 22.23.3,linux,x64,Intel(R) Core(TM) i5-10400F CPU @ 2.90GHz,b60d2fc93720,2,7,torus,64,8192,16384,0,0,ply,311526,topologie,2,10.2625
2026-10-06T16:03:05.556Z,node 22.23.3,linux,x64,Intel(R) Core(TM) i5-10400F CPU @ 2.90GHz,b60d2fc93720,2,7,torus,64,8192,16384,0,0,ply,311526,topologie,3,9.6715
2026-10-06T16:03:05.556Z,node 22.23.3,linux,x64,Intel(R) Core(TM) i5-10400F CPU @ 2.90GHz,b60d2fc93720,2,7,torus,64,8192,16384,0,0,ply,311526,topologie,4,12.0624
2026-10-06T16:03:05.556Z,node 22.23.3,linux,x64,Intel(R) Core(TM) i5-10400F CPU @ 2.90GHz,b60d2fc93720,2,7,torus,64,8192,16384,0,0,ply,311526,topologie,5,19.1417
2026-10-06T16:03:05.556Z,node 22.23.3,linux,x64,Intel(R) Core(TM) i5-10400F CPU @ 2.90GHz,b60d2fc93720,2,7,torus,64,8192,16384,0,0,ply,311526,topologie,6,9.9045
2026-10-06T16:03:05.556Z,node 22.23.3,linux,x64,Intel(R) Core(TM) i5-10400F CPU @ 2.90GHz,b60d2fc93720,2,7,torus,64,8192,16384,0,0,ply,311526,topologie,7,13.5641
2026-10-06T16:03:05.556Z,node 22.23.3,linux,x64,Intel(R) Core(TM) i5-10400F CPU @ 2.90GHz,b60d2fc93720,2,7,torus,64,8192,16384,0,0,stl,819284,lib-c,1,77.7902
2026-10-06T16:03:05.556Z,node 22.23.3,linux,x64,Intel(R) Core(TM) i5-10400F CPU @ 2.90GHz,b60d2fc93720,2,7,torus,64,8192,16384,0,0,stl,819284,lib-c,2,62.9802
2026-10-06T16:03:05.556Z,node 22.23.3,linux,x64,Intel(R) Core(TM) i5-10400F CPU @ 2.90GHz,b60d2fc93720,2,7,torus,64,8192,16384,0,0,stl,819284,lib-c,3,64.8510
2026-10-06T16:03:05.556Z,node 22.23.3,linux,x64,Intel(R) Core(TM) i5-10400F CPU @ 2.90GHz,b60d2fc93720,2,7,torus,64,8192,16384,0,0,stl,819284,lib-c,4,55.6738
2026-10-06T16:03:05.556Z,node 22.23.3,linux,x64,Intel(R) Core(TM) i5-10400F CPU @ 2.90GHz,b60d2fc93720,2,7,torus,64,8192,16384,0,0,stl,819284,lib-c,5,56.8065
2026-10-06T16:03:05.556Z,node 22.23.3,linux,x64,Intel(R) Core(TM) i5-10400F CPU @ 2.90GHz,b60d2fc93720,2,7,torus,64,8192,16384,0,0,stl,819284,lib-c,6,57.1772
2026-10-06T16:03:05.556Z,node 22.23.3,linux,x64,Intel(R) Core(TM) i5-10400F CPU @ 2.90GHz,b60d2fc93720,2,7,torus,64,8192,16384,0,0,stl,819284,lib-c,7,77.0943
2026-10-06T16:03:05.556Z,node 22.23.3,linux,x64,Intel(R) Core(TM) i5-10400F CPU @ 2.90GHz,b60d2fc93720,2,7,torus,64,8192,16384,0,0,stl,819284,topologie,1,55.3855
2026-10-06T16:03:05.556Z,node 22.23.3,linux,x64,Intel(R) Core(TM) i5-10400F CPU @ 2.90GHz,b60d2fc93720,2,7,torus,64,8192,16384,0,0,stl,819284,topologie,2,43.5831
2026-10-06T16:03:05.556Z,node 22.23.3,linux,x64,Intel(R) Core(TM) i5-10400F CPU @ 2.90GHz,b60d2fc93720,2,7,torus,64,8192,16384,0,0,stl,819284,topologie,3,45.8271
2026-10-06T16:03:05.556Z,node 22.23.3,linux,x64,Intel(R) Core(TM) i5-10400F CPU @ 2.90GHz,b60d2fc93720,2,7,torus,64,8192,16384,0,0,stl,819284,topologie,4,55.8107
2026-10-06T16:03:05.556Z,node 22.23.3,linux,x64,Intel(R) Core(TM) i5-10400F CPU @ 2.90GHz,b60d2fc93720,2,7,torus,64,8192,16384,0,0,stl,819284,topologie,5,44.1050
2026-10-06T16:03:05.556Z,node 22.23.3,linux,x64,Intel(R) Core(TM) i5-10400F CPU @ 2.90GHz,b60d2fc93720,2,7,torus,64,8192,16384,0,0,stl,819284,topologie,6,43.6693
2026-10-06T16:03:05.556Z,node 22.23.3,linux,x64,Intel(R) Core(TM) i5-10400F CPU @ 2.90GHz,b60d2fc93720,2,7,torus,64,8192,16384,0,0,stl,819284,topologie,7,42.1281
2026-10-06T16:03:05.556Z,node 22.23.3,linux,x64,Intel(R) Core(TM) i5-10400F CPU @ 2.90GHz,b60d2fc93720,2,7,torus,128,32768,65536,0,0,obj,2243172,lib-c,1,233.6723
2026-10-06T16:03:05.556Z,node 22.23.3,linux,x64,Intel(R) Core(TM) i5-10400F CPU @ 2.90GHz,b60d2fc93720,2,7,torus,128,32768,65536,0,0,obj,2243172,lib-c,2,223.7894
2026-10-06T16:03:05.556Z,node 22.23.3,linux,x64,Intel(R) Core(TM) i5-10400F CPU @ 2.90GHz,b60d2fc93720,2,7,torus,128,32768,65536,0,0,obj,2243172,lib-c,3,265.5916
2026-10-06T16:03:05.556Z,node 22.23.3,linux,x64,Intel(R) Core(TM) i5-10400F CPU @ 2.90GHz,b60d2fc93720,2,7,torus,128,32768,65536,0,0,obj,2243172,lib-c,4,232.4121
2026-10-06T16:03:05.556Z,node 22.23.3,linux,x64,Intel(R) Core(TM) i5-10400F CPU @ 2.90GHz,b60d2fc93720,2,7,torus,128,32768,65536,0,0,obj,2243172,lib-c,5,286.4814
2026-10-06T16:03:05.556Z,node 22.23.3,linux,x64,Intel(R) Core(TM) i5-10400F CPU @ 2.90GHz,b60d2fc93720,2,7,torus,128,32768,65536,0,0,obj,2243172,lib-c,6,281.1077
2026-10-06T16:03:05.556Z,node 22.23.3,linux,x64,Intel(R) Core(TM) i5-10400F CPU @ 2.90GHz,b60d2fc93720,2,7,torus,128,32768,65536,0,0,obj,2243172,lib-c,7,268.6215
2026-10-06T16:03:05.556Z,node 22.23.3,linux,x64,Intel(R) Core(TM) i5-10400F CPU @ 2.90GHz,b60d2fc93720,2,7,torus,128,32768,65536,0,0,obj,2243172,topologie,1,172.6453
2026-10-06T16:03:05.556Z,node 22.23.3,linux,x64,Intel(R) Core(TM) i5-10400F CPU @ 2.90GHz,b60d2fc93720,2,7,torus,128,32768,65536,0,0,obj,2243172,topologie,2,225.7629
2026-10-06T16:03:05.556Z,node 22.23.3,linux,x64,Intel(R) Core(TM) i5-10400F CPU @ 2.90GHz,b60d2fc93720,2,7,torus,128,32768,65536,0,0,obj,2243172,topologie,3,209.0673
2026-10-06T16:03:05.556Z,node 22.23.3,linux,x64,Intel(R) Core(TM) i5-10400F CPU @ 2.90GHz,b60d2fc93720,2,7,torus,128,32768,65536,0,0,obj,2243172,topologie,4,205.6528
2026-10-06T16:03:05.556Z,node 22.23.3,linux,x64,Intel(R) Core(TM) i5-10400F CPU @ 2.90GHz,b60d2fc93720,2,7,torus,128,32768,65536,0,0,obj,2243172,topologie,5,195.7041
2026-10-06T16:03:05.556Z,node 22.23.3,linux,x64,Intel(R) Core(TM) i5-10400F CPU @ 2.90GHz,b60d2fc93720,2,7,torus,128,32768,65536,0,0,obj,2243172,topologie,6,192.6833
2026-10-06T16:03:05.556Z,node 22.23.3,linux,x64,Intel(R) Core(TM) i5-10400F CPU @ 2.90GHz,b60d2fc93720,2,7,torus,128,32768,65536,0,0,obj,2243172,topologie,7,188.5814
2026-10-06T16:03:05.556Z,node 22.23.3,linux,x64,Intel(R) Core(TM) i5-10400F CPU @ 2.90GHz,b60d2fc93720,2,7,torus,128,32768,65536,0,0,ply,1245415,lib-c,1,110.0282
2026-10-06T16:03:05.556Z,node 22.23.3,linux,x64,Intel(R) Core(TM) i5-10400F CPU @ 2.90GHz,b60d2fc93720,2,7,torus,128,32768,65536,0,0,ply,1245415,lib-c,2,114.8186
2026-10-06T16:03:05.556Z,node 22.23.3,linux,x64,Intel(R) Core(TM) i5-10400F CPU @ 2.90GHz,b60d2fc93720,2,7,torus,128,32768,65536,0,0,ply,1245415,lib-c,3,107.2451
2026-10-06T16:03:05.556Z,node 22.23.3,linux,x64,Intel(R) Core(TM) i5-10400F CPU @ 2.90GHz,b60d2fc93720,2,7,torus,128,32768,65536,0,0,ply,1245415,lib-c,4,121.6638
2026-10-06T16:03:05.556Z,node 22.23.3,linux,x64,Intel(R) Core(TM) i5-10400F CPU @ 2.90GHz,b60d2fc93720,2,7,torus,128,32768,65536,0,0,ply,1245415,lib-c,5,120.7724
2026-10-06T16:03:05.556Z,node 22.23.3,linux,x64,Intel(R) Core(TM) i5-10400F CPU @ 2.90GHz,b60d2fc93720,2,7,torus,128,32768,65536,0,0,ply,1245415,lib-c,6,107.2108
2026-10-06T16:03:05.556Z,node 22.23.3,linux,x64,Intel(R) Core(TM) i5-10400F CPU @ 2.90GHz,b60d2fc93720,2,7,torus,128,32768,65536,0,0,ply,1245415,lib-c,7,98.9936
2026-10-06T16:03:05.556Z,node 22.23.3,linux,x64,Intel(R) Core(TM) i5-10400F CPU @ 2.90GHz,b60d2fc93720,2,7,torus,128,32768,65536,0,0,ply,1245415,topologie,1,39.2612
2026-10-06T16:03:05.556Z,node 22.23.3,linux,x64,Intel(R) Core(TM) i5-10400F CPU @ 2.90GHz,b60d2fc93720,2,7,torus,128,32768,65536,0,0,ply,1245415,topologie,2,41.8599
2026-10-06T16:03:05.556Z,node 22.23.3,linux,x64,Intel(R) Core(TM) i5-10400F CPU @ 2.90GHz,b60d2fc93720,2,7,torus,128,32768,65536,0,0,ply,1245415,topologie,3,43.9645
2026-10-06T16:03:05.556Z,node 22.23.3,linux,x64,Intel(R) Core(TM) i5-10400F CPU @ 2.90GHz,b60d2fc93720,2,7,torus,128,32768,65536,0,0,ply,1245415,topologie,4,45.9317
2026-10-06T16:03:05.556Z,node 22.23.3,linux,x64,Intel(R) Core(TM) i5-10400F CPU @ 2.90GHz,b60d2fc93720,2,7,torus,128,32768,65536,0,0,ply,1245415,topologie,5,56.6368
2026-10-06T16:03:05.556Z,node 22.23.3,linux,x64,Intel(R) Core(TM) i5-10400F CPU @ 2.90GHz,b60d2fc93720,2,7,torus,128,32768,65536,0,0,ply,1245415,topologie,6,57.2845
2026-10-06T16:03:05.556Z,node 22.23.3,linux,x64,Intel(R) Core(TM) i5-10400F CPU @ 2.90GHz,b60d2fc93720,2,7,torus,128,32768,65536,0,0,ply,1245415,topologie,7,58.1011
2026-10-06T16:03:05.556Z,node 22.23.3,linux,x64,Intel(R) Core(TM) i5-10400F CPU @ 2.90GHz,b60d2fc93720,2,7,torus,128,32768,65536,0,0,stl,3276884,lib-c,1,259.8672
2026-10-06T16:03:05.556Z,node 22.23.3,linux,x64,Intel(R) Core(TM) i5-10400F CPU @ 2.90GHz,b60d2fc93720,2,7,torus,128,32768,65536,0,0,stl,3276884,lib-c,2,265.4441
2026-10-06T16:03:05.556Z,node 22.23.3,linux,x64,Intel(R) Core(TM) i5-10400F CPU @ 2.90GHz,b60d2fc93720,2,7,torus,128,32768,65536,0,0,stl,3276884,lib-c,3,308.2959
2026-10-06T16:03:05.556Z,node 22.23.3,linux,x64,Intel(R) Core(TM) i5-10400F CPU @ 2.90GHz,b60d2fc93720,2,7,torus,128,32768,65536,0,0,stl,3276884,lib-c,4,295.9369
2026-10-06T16:03:05.556Z,node 22.23.3,linux,x64,Intel(R) Core(TM) i5-10400F CPU @ 2.90GHz,b60d2fc93720,2,7,torus,128,32768,65536,0,0,stl,3276884,lib-c,5,299.3750
2026-10-06T16:03:05.556Z,node 22.23.3,linux,x64,Intel(R) Core(TM) i5-10400F CPU @ 2.90GHz,b60d2fc93720,2,7,torus,128,32768,65536,0,0,stl,3276884,lib-c,6,272.2079
2026-10-06T16:03:05.556Z,node 22.23.3,linux,x64,Intel(R) Core(TM) i5-10400F CPU @ 2.90GHz,b60d2fc93720,2,7,torus,128,32768,65536,0,0,stl,3276884,lib-c,7,322.8892
2026-10-06T16:03:05.556Z,node 22.23.3,linux,x64,Intel(R) Core(TM) i5-10400F CPU @ 2.90GHz,b60d2fc93720,2,7,torus,128,32768,65536,0,0,stl,3276884,topologie,1,229.9235
2026-10-06T16:03:05.556Z,node 22.23.3,linux,x64,Intel(R) Core(TM) i5-10400F CPU @ 2.90GHz,b60d2fc93720,2,7,torus,128,32768,65536,0,0,stl,3276884,topologie,2,206.1760
2026-10-06T16:03:05.556Z,node 22.23.3,linux,x64,Intel(R) Core(TM) i5-10400F CPU @ 2.90GHz,b60d2fc93720,2,7,torus,128,32768,65536,0,0,stl,3276884,topologie,3,188.0722
2026-10-06T16:03:05.556Z,node 22.23.3,linux,x64,Intel(R) Core(TM) i5-10400F CPU @ 2.90GHz,b60d2fc93720,2,7,torus,128,32768,65536,0,0,stl,3276884,topologie,4,185.3645
2026-10-06T16:03:05.556Z,node 22.23.3,linux,x64,Intel(R) Core(TM) i5-10400F CPU @ 2.90GHz,b60d2fc93720,2,7,torus,128,32768,65536,0,0,stl,3276884,topologie,5,227.5494
2026-10-06T16:03:05.556Z,node 22.23.3,linux,x64,Intel(R) Core(TM) i5-10400F CPU @ 2.90GHz,b60d2fc93720,2,7,torus,128,32768,65536,0,0,stl,3276884,topologie,6,216.2565
2026-10-06T16:03:05.556Z,node 22.23.3,linux,x64,Intel(R) Core(TM) i5-10400F CPU @ 2.90GHz,b60d2fc93720,2,7,torus,128,32768,65536,0,0,stl,3276884,topologie,7,281.6057
2026-10-06T16:03:05.556Z,node 22.23.3,linux,x64,Intel(R) Core(TM) i5-10400F CPU @ 2.90GHz,b60d2fc93720,2,7,torus,256,131072,262144,0,0,obj,9359658,lib-c,1,1094.3156
2026-10-06T16:03:05.556Z,node 22.23.3,linux,x64,Intel(R) Core(TM) i5-10400F CPU @ 2.90GHz,b60d2fc93720,2,7,torus,256,131072,262144,0,0,obj,9359658,lib-c,2,1233.9309
2026-10-06T16:03:05.556Z,node 22.23.3,linux,x64,Intel(R) Core(TM) i5-10400F CPU @ 2.90GHz,b60d2fc93720,2,7,torus,256,131072,262144,0,0,obj,9359658,lib-c,3,1277.8523
2026-10-06T16:03:05.556Z,node 22.23.3,linux,x64,Intel(R) Core(TM) i5-10400F CPU @ 2.90GHz,b60d2fc93720,2,7,torus,256,131072,262144,0,0,obj,9359658,lib-c,4,1181.4374
2026-10-06T16:03:05.556Z,node 22.23.3,linux,x64,Intel(R) Core(TM) i5-10400F CPU @ 2.90GHz,b60d2fc93720,2,7,torus,256,131072,262144,0,0,obj,9359658,lib-c,5,1140.4499
2026-10-06T16:03:05.556Z,node 22.23.3,linux,x64,Intel(R) Core(TM) i5-10400F CPU @ 2.90GHz,b60d2fc93720,2,7,torus,256,131072,262144,0,0,obj,9359658,lib-c,6,1201.5724
2026-10-06T16:03:05.556Z,node 22.23.3,linux,x64,Intel(R) Core(TM) i5-10400F CPU @ 2.90GHz,b60d2fc93720,2,7,torus,256,131072,262144,0,0,obj,9359658,lib-c,7,1136.8359
2026-10-06T16:03:05.556Z,node 22.23.3,linux,x64,Intel(R) Core(TM) i5-10400F CPU @ 2.90GHz,b60d2fc93720,2,7,torus,256,131072,262144,0,0,obj,9359658,topologie,1,920.5118
2026-10-06T16:03:05.556Z,node 22.23.3,linux,x64,Intel(R) Core(TM) i5-10400F CPU @ 2.90GHz,b60d2fc93720,2,7,torus,256,131072,262144,0,0,obj,9359658,topologie,2,824.8174
2026-10-06T16:03:05.556Z,node 22.23.3,linux,x64,Intel(R) Core(TM) i5-10400F CPU @ 2.90GHz,b60d2fc93720,2,7,torus,256,131072,262144,0,0,obj,9359658,topologie,3,939.8647
2026-10-06T16:03:05.556Z,node 22.23.3,linux,x64,Intel(R) Core(TM) i5-10400F CPU @ 2.90GHz,b60d2fc93720,2,7,torus,256,131072,262144,0,0,obj,9359658,topologie,4,804.9122
2026-10-06T16:03:05.556Z,node 22.23.3,linux,x64,Intel(R) Core(TM) i5-10400F CPU @ 2.90GHz,b60d2fc93720,2,7,torus,256,131072,262144,0,0,obj,9359658,topologie,5,799.7979
2026-10-06T16:03:05.556Z,node 22.23.3,linux,x64,Intel(R) Core(TM) i5-10400F CPU @ 2.90GHz,b60d2fc93720,2,7,torus,256,131072,262144,0,0,obj,9359658,topologie,6,896.4504
2026-10-06T16:03:05.556Z,node 22.23.3,linux,x64,Intel(R) Core(TM) i5-10400F CPU @ 2.90GHz,b60d2fc93720,2,7,torus,256,131072,262144,0,0,obj,9359658,topologie,7,794.8702
2026-10-06T16:03:05.556Z,node 22.23.3,linux,x64,Intel(R) Core(TM) i5-10400F CPU @ 2.90GHz,b60d2fc93720,2,7,torus,256,131072,262144,0,0,ply,4980969,lib-c,1,489.1515
2026-10-06T16:03:05.556Z,node 22.23.3,linux,x64,Intel(R) Core(TM) i5-10400F CPU @ 2.90GHz,b60d2fc93720,2,7,torus,256,131072,262144,0,0,ply,4980969,lib-c,2,499.5313
2026-10-06T16:03:05.556Z,node 22.23.3,linux,x64,Intel(R) Core(TM) i5-10400F CPU @ 2.90GHz,b60d2fc93720,2,7,torus,256,131072,262144,0,0,ply,4980969,lib-c,3,519.1047
2026-10-06T16:03:05.556Z,node 22.23.3,linux,x64,Intel(R) Core(TM) i5-10400F CPU @ 2.90GHz,b60d2fc93720,2,7,torus,256,131072,262144,0,0,ply,4980969,lib-c,4,478.5149
2026-10-06T16:03:05.556Z,node 22.23.3,linux,x64,Intel(R) Core(TM) i5-10400F CPU @ 2.90GHz,b60d2fc93720,2,7,torus,256,131072,262144,0,0,ply,4980969,lib-c,5,520.1679
2026-10-06T16:03:05.556Z,node 22.23.3,linux,x64,Intel(R) Core(TM) i5-10400F CPU @ 2.90GHz,b60d2fc93720,2,7,torus,256,131072,262144,0,0,ply,4980969,lib-c,6,442.5300
2026-10-06T16:03:05.556Z,node 22.23.3,linux,x64,Intel(R) Core(TM) i5-10400F CPU @ 2.90GHz,b60d2fc93720,2,7,torus,256,131072,262144,0,0,ply,4980969,lib-c,7,460.5272
2026-10-06T16:03:05.556Z,node 22.23.3,linux,x64,Intel(R) Core(TM) i5-10400F CPU @ 2.90GHz,b60d2fc93720,2,7,torus,256,131072,262144,0,0,ply,4980969,topologie,1,175.2676
2026-10-06T16:03:05.556Z,node 22.23.3,linux,x64,Intel(R) Core(TM) i5-10400F CPU @ 2.90GHz,b60d2fc93720,2,7,torus,256,131072,262144,0,0,ply,4980969,topologie,2,234.3772
2026-10-06T16:03:05.556Z,node 22.23.3,linux,x64,Intel(R) Core(TM) i5-10400F CPU @ 2.90GHz,b60d2fc93720,2,7,torus,256,131072,262144,0,0,ply,4980969,topologie,3,196.1968
2026-10-06T16:03:05.556Z,node 22.23.3,linux,x64,Intel(R) Core(TM) i5-10400F CPU @ 2.90GHz,b60d2fc93720,2,7,torus,256,131072,262144,0,0,ply,4980969,topologie,4,179.8077
2026-10-06T16:03:05.556Z,node 22.23.3,linux,x64,Intel(R) Core(TM) i5-10400F CPU @ 2.90GHz,b60d2fc93720,2,7,torus,256,131072,262144,0,0,ply,4980969,topologie,5,225.3547
2026-10-06T16:03:05.556Z,node 22.23.3,linux,x64,Intel(R) Core(TM) i5-10400F CPU @ 2.90GHz,b60d2fc93720,2,7,torus,256,131072,262144,0,0,ply,4980969,topologie,6,226.2413
2026-10-06T16:03:05.556Z,node 22.23.3,linux,x64,Intel(R) Core(TM) i5-10400F CPU @ 2.90GHz,b60d2fc93720,2,7,torus,256,131072,262144,0,0,ply,4980969,topologie,7,243.6475
2026-10-06T16:03:05.556Z,node 22.23.3,linux,x64,Intel(R) Core(TM) i5-10400F CPU @ 2.90GHz,b60d2fc93720,2,7,torus,256,131072,262144,0,0,stl,13107284,lib-c,1,1475.3592
2026-10-06T16:03:05.556Z,node 22.23.3,linux,x64,Intel(R) Core(TM) i5-10400F CPU @ 2.90GHz,b60d2fc93720,2,7,torus,256,131072,262144,0,0,stl,13107284,lib-c,2,1345.0765
2026-10-06T16:03:05.556Z,node 22.23.3,linux,x64,Intel(R) Core(TM) i5-10400F CPU @ 2.90GHz,b60d2fc93720,2,7,torus,256,131072,262144,0,0,stl,13107284,lib-c,3,1519.7134
2026-10-06T16:03:05.556Z,node 22.23.3,linux,x64,Intel(R) Core(TM) i5-10400F CPU @ 2.90GHz,b60d2fc93720,2,7,torus,256,131072,262144,0,0,stl,13107284,lib-c,4,1421.1906
2026-10-06T16:03:05.556Z,node 22.23.3,linux,x64,Intel(R) Core(TM) i5-10400F CPU @ 2.90GHz,b60d2fc93720,2,7,torus,256,131072,262144,0,0,stl,13107284,lib-c,5,1466.0695
2026-10-06T16:03:05.556Z,node 22.23.3,linux,x64,Intel(R) Core(TM) i5-10400F CPU @ 2.90GHz,b60d2fc93720,2,7,torus,256,131072,262144,0,0,stl,13107284,lib-c,6,1463.6032
2026-10-06T16:03:05.556Z,node 22.23.3,linux,x64,Intel(R) Core(TM) i5-10400F CPU @ 2.90GHz,b60d2fc93720,2,7,torus,256,131072,262144,0,0,stl,13107284,lib-c,7,1934.3962
2026-10-06T16:03:05.556Z,node 22.23.3,linux,x64,Intel(R) Core(TM) i5-10400F CPU @ 2.90GHz,b60d2fc93720,2,7,torus,256,131072,262144,0,0,stl,13107284,topologie,1,1362.6574
2026-10-06T16:03:05.556Z,node 22.23.3,linux,x64,Intel(R) Core(TM) i5-10400F CPU @ 2.90GHz,b60d2fc93720,2,7,torus,256,131072,262144,0,0,stl,13107284,topologie,2,1080.5013
2026-10-06T16:03:05.556Z,node 22.23.3,linux,x64,Intel(R) Core(TM) i5-10400F CPU @ 2.90GHz,b60d2fc93720,2,7,torus,256,131072,262144,0,0,stl,13107284,topologie,3,1177.0346
2026-10-06T16:03:05.556Z,node 22.23.3,linux,x64,Intel(R) Core(TM) i5-10400F CPU @ 2.90GHz,b60d2fc93720,2,7,torus,256,131072,262144,0,0,stl,13107284,topologie,4,1245.7979
2026-10-06T16:03:05.556Z,node 22.23.3,linux,x64,Intel(R) Core(TM) i5-10400F CPU @ 2.90GHz,b60d2fc93720,2,7,torus,256,131072,262144,0,0,stl,13107284,topologie,5,1153.3172
2026-10-06T16:03:05.556Z,node 22.23.3,linux,x64,Intel(R) Core(TM) i5-10400F CPU @ 2.90GHz,b60d2fc93720,2,7,torus,256,131072,262144,0,0,stl,13107284,topologie,6,1497.6524
2026-10-06T16:03:05.556Z,node 22.23.3,linux,x64,Intel(R) Core(TM) i5-10400F CPU @ 2.90GHz,b60d2fc93720,2,7,torus,256,131072,262144,0,0,stl,13107284,topologie,7,1142.9385
2026-10-06T16:03:05.556Z,node 22.23.3,linux,x64,Intel(R) Core(TM) i5-10400F CPU @ 2.90GHz,b60d2fc93720,2,7,cylinder,16,544,1024,0,2,obj,30331,lib-c,1,3.8462
2026-10-06T16:03:05.556Z,node 22.23.3,linux,x64,Intel(R) Core(TM) i5-10400F CPU @ 2.90GHz,b60d2fc93720,2,7,cylinder,16,544,1024,0,2,obj,30331,lib-c,2,3.1079
2026-10-06T16:03:05.556Z,node 22.23.3,linux,x64,Intel(R) Core(TM) i5-10400F CPU @ 2.90GHz,b60d2fc93720,2,7,cylinder,16,544,1024,0,2,obj,30331,lib-c,3,2.6335
2026-10-06T16:03:05.556Z,node 22.23.3,linux,x64,Intel(R) Core(TM) i5-10400F CPU @ 2.90GHz,b60d2fc93720,2,7,cylinder,16,544,1024,0,2,obj,30331,lib-c,4,2.8391
2026-10-06T16:03:05.556Z,node 22.23.3,linux,x64,Intel(R) Core(TM) i5-10400F CPU @ 2.90GHz,b60d2fc93720,2,7,cylinder,16,544,1024,0,2,obj,30331,lib-c,5,2.3849
2026-10-06T16:03:05.556Z,node 22.23.3,linux,x64,Intel(R) Core(TM) i5-10400F CPU @ 2.90GHz,b60d2fc93720,2,7,cylinder,16,544,1024,0,2,obj,30331,lib-c,6,3.1366
2026-10-06T16:03:05.556Z,node 22.23.3,linux,x64,Intel(R) Core(TM) i5-10400F CPU @ 2.90GHz,b60d2fc93720,2,7,cylinder,16,544,1024,0,2,obj,30331,lib-c,7,3.0268
2026-10-06T16:03:05.556Z,node 22.23.3,linux,x64,Intel(R) Core(TM) i5-10400F CPU @ 2.90GHz,b60d2fc93720,2,7,cylinder,16,544,1024,0,2,obj,30331,topologie,1,2.9799
2026-10-06T16:03:05.556Z,node 22.23.3,linux,x64,Intel(R) Core(TM) i5-10400F CPU @ 2.90GHz,b60d2fc93720,2,7,cylinder,16,544,1024,0,2,obj,30331,topologie,2,2.9918
2026-10-06T16:03:05.556Z,node 22.23.3,linux,x64,Intel(R) Core(TM) i5-10400F CPU @ 2.90GHz,b60d2fc93720,2,7,cylinder,16,544,1024,0,2,obj,30331,topologie,3,2.8378
2026-10-06T16:03:05.556Z,node 22.23.3,linux,x64,Intel(R) Core(TM) i5-10400F CPU @ 2.90GHz,b60d2fc93720,2,7,cylinder,16,544,1024,0,2,obj,30331,topologie,4,2.9318
2026-10-06T16:03:05.556Z,node 22.23.3,linux,x64,Intel(R) Core(TM) i5-10400F CPU @ 2.90GHz,b60d2fc93720,2,7,cylinder,16,544,1024,0,2,obj,30331,topologie,5,3.0028
2026-10-06T16:03:05.556Z,node 22.23.3,linux,x64,Intel(R) Core(TM) i5-10400F CPU @ 2.90GHz,b60d2fc93720,2,7,cylinder,16,544,1024,0,2,obj,30331,topologie,6,3.1930
2026-10-06T16:03:05.556Z,node 22.23.3,linux,x64,Intel(R) Core(TM) i5-10400F CPU @ 2.90GHz,b60d2fc93720,2,7,cylinder,16,544,1024,0,2,obj,30331,topologie,7,2.1881
2026-10-06T16:03:05.556Z,node 22.23.3,linux,x64,Intel(R) Core(TM) i5-10400F CPU @ 2.90GHz,b60d2fc93720,2,7,cylinder,16,544,1024,0,2,ply,20068,lib-c,1,1.1620
2026-10-06T16:03:05.556Z,node 22.23.3,linux,x64,Intel(R) Core(TM) i5-10400F CPU @ 2.90GHz,b60d2fc93720,2,7,cylinder,16,544,1024,0,2,ply,20068,lib-c,2,1.1689
2026-10-06T16:03:05.556Z,node 22.23.3,linux,x64,Intel(R) Core(TM) i5-10400F CPU @ 2.90GHz,b60d2fc93720,2,7,cylinder,16,544,1024,0,2,ply,20068,lib-c,3,1.3061
2026-10-06T16:03:05.556Z,node 22.23.3,linux,x64,Intel(R) Core(TM) i5-10400F CPU @ 2.90GHz,b60d2fc93720,2,7,cylinder,16,544,1024,0,2,ply,20068,lib-c,4,1.2926
2026-10-06T16:03:05.556Z,node 22.23.3,linux,x64,Intel(R) Core(TM) i5-10400F CPU @ 2.90GHz,b60d2fc93720,2,7,cylinder,16,544,1024,0,2,ply,20068,lib-c,5,1.2708
2026-10-06T16:03:05.556Z,node 22.23.3,linux,x64,Intel(R) Core(TM) i5-10400F CPU @ 2.90GHz,b60d2fc93720,2,7,cylinder,16,544,1024,0,2,ply,20068,lib-c,6,1.1538
2026-10-06T16:03:05.556Z,node 22.23.3,linux,x64,Intel(R) Core(TM) i5-10400F CPU @ 2.90GHz,b60d2fc93720,2,7,cylinder,16,544,1024,0,2,ply,20068,lib-c,7,1.5319
2026-10-06T16:03:05.556Z,node 22.23.3,linux,x64,Intel(R) Core(TM) i5-10400F CPU @ 2.90GHz,b60d2fc93720,2,7,cylinder,16,544,1024,0,2,ply,20068,topologie,1,1.1703
2026-10-06T16:03:05.556Z,node 22.23.3,linux,x64,Intel(R) Core(TM) i5-10400F CPU @ 2.90GHz,b60d2fc93720,2,7,cylinder,16,544,1024,0,2,ply,20068,topologie,2,0.6682
2026-10-06T16:03:05.556Z,node 22.23.3,linux,x64,Intel(R) Core(TM) i5-10400F CPU @ 2.90GHz,b60d2fc93720,2,7,cylinder,16,544,1024,0,2,ply,20068,topologie,3,0.6854
2026-10-06T16:03:05.556Z,node 22.23.3,linux,x64,Intel(R) Core(TM) i5-10400F CPU @ 2.90GHz,b60d2fc93720,2,7,cylinder,16,544,1024,0,2,ply,20068,topologie,4,0.6958
2026-10-06T16:03:05.556Z,node 22.23.3,linux,x64,Intel(R) Core(TM) i5-10400F CPU @ 2.90GHz,b60d2fc93720,2,7,cylinder,16,544,1024,0,2,ply,20068,topologie,5,0.6196
2026-10-06T16:03:05.556Z,node 22.23.3,linux,x64,Intel(R) Core(TM) i5-10400F CPU @ 2.90GHz,b60d2fc93720,2,7,cylinder,16,544,1024,0,2,ply,20068,topologie,6,0.6420
2026-10-06T16:03:05.556Z,node 22.23.3,linux,x64,Intel(R) Core(TM) i5-10400F CPU @ 2.90GHz,b60d2fc93720,2,7,cylinder,16,544,1024,0,2,ply,20068,topologie,7,0.7330
2026-10-06T16:03:05.556Z,node 22.23.3,linux,x64,Intel(R) Core(TM) i5-10400F CPU @ 2.90GHz,b60d2fc93720,2,7,cylinder,16,544,1024,0,2,stl,51284,lib-c,1,3.6827
2026-10-06T16:03:05.556Z,node 22.23.3,linux,x64,Intel(R) Core(TM) i5-10400F CPU @ 2.90GHz,b60d2fc93720,2,7,cylinder,16,544,1024,0,2,stl,51284,lib-c,2,3.7770
2026-10-06T16:03:05.556Z,node 22.23.3,linux,x64,Intel(R) Core(TM) i5-10400F CPU @ 2.90GHz,b60d2fc93720,2,7,cylinder,16,544,1024,0,2,stl,51284,lib-c,3,3.1165
2026-10-06T16:03:05.556Z,node 22.23.3,linux,x64,Intel(R) Core(TM) i5-10400F CPU @ 2.90GHz,b60d2fc93720,2,7,cylinder,16,544,1024,0,2,stl,51284,lib-c,4,4.4312
2026-10-06T16:03:05.556Z,node 22.23.3,linux,x64,Intel(R) Core(TM) i5-10400F CPU @ 2.90GHz,b60d2fc93720,2,7,cylinder,16,544,1024,0,2,stl,51284,lib-c,5,3.0644
2026-10-06T16:03:05.556Z,node 22.23.3,linux,x64,Intel(R) Core(TM) i5-10400F CPU @ 2.90GHz,b60d2fc93720,2,7,cylinder,16,544,1024,0,2,stl,51284,lib-c,6,2.5359
2026-10-06T16:03:05.556Z,node 22.23.3,linux,x64,Intel(R) Core(TM) i5-10400F CPU @ 2.90GHz,b60d2fc93720,2,7,cylinder,16,544,1024,0,2,stl,51284,lib-c,7,2.5139
2026-10-06T16:03:05.556Z,node 22.23.3,linux,x64,Intel(R) Core(TM) i5-10400F CPU @ 2.90GHz,b60d2fc93720,2,7,cylinder,16,544,1024,0,2,stl,51284,topologie,1,3.2868
2026-10-06T16:03:05.556Z,node 22.23.3,linux,x64,Intel(R) Core(TM) i5-10400F CPU @ 2.90GHz,b60d2fc93720,2,7,cylinder,16,544,1024,0,2,stl,51284,topologie,2,2.5985
2026-10-06T16:03:05.556Z,node 22.23.3,linux,x64,Intel(R) Core(TM) i5-10400F CPU @ 2.90GHz,b60d2fc93720,2,7,cylinder,16,544,1024,0,2,stl,51284,topologie,3,2.1501
2026-10-06T16:03:05.556Z,node 22.23.3,linux,x64,Intel(R) Core(TM) i5-10400F CPU @ 2.90GHz,b60d2fc93720,2,7,cylinder,16,544,1024,0,2,stl,51284,topologie,4,2.5273
2026-10-06T16:03:05.556Z,node 22.23.3,linux,x64,Intel(R) Core(TM) i5-10400F CPU @ 2.90GHz,b60d2fc93720,2,7,cylinder,16,544,1024,0,2,stl,51284,topologie,5,2.6197
2026-10-06T16:03:05.556Z,node 22.23.3,linux,x64,Intel(R) Core(TM) i5-10400F CPU @ 2.90GHz,b60d2fc93720,2,7,cylinder,16,544,1024,0,2,stl,51284,topologie,6,2.2354
2026-10-06T16:03:05.556Z,node 22.23.3,linux,x64,Intel(R) Core(TM) i5-10400F CPU @ 2.90GHz,b60d2fc93720,2,7,cylinder,16,544,1024,0,2,stl,51284,topologie,7,2.1774
2026-10-06T16:03:05.556Z,node 22.23.3,linux,x64,Intel(R) Core(TM) i5-10400F CPU @ 2.90GHz,b60d2fc93720,2,7,cylinder,32,2112,4096,0,2,obj,127593,lib-c,1,11.1267
2026-10-06T16:03:05.556Z,node 22.23.3,linux,x64,Intel(R) Core(TM) i5-10400F CPU @ 2.90GHz,b60d2fc93720,2,7,cylinder,32,2112,4096,0,2,obj,127593,lib-c,2,11.4980
2026-10-06T16:03:05.556Z,node 22.23.3,linux,x64,Intel(R) Core(TM) i5-10400F CPU @ 2.90GHz,b60d2fc93720,2,7,cylinder,32,2112,4096,0,2,obj,127593,lib-c,3,11.7495
2026-10-06T16:03:05.556Z,node 22.23.3,linux,x64,Intel(R) Core(TM) i5-10400F CPU @ 2.90GHz,b60d2fc93720,2,7,cylinder,32,2112,4096,0,2,obj,127593,lib-c,4,12.2174
2026-10-06T16:03:05.556Z,node 22.23.3,linux,x64,Intel(R) Core(TM) i5-10400F CPU @ 2.90GHz,b60d2fc93720,2,7,cylinder,32,2112,4096,0,2,obj,127593,lib-c,5,10.4705
2026-10-06T16:03:05.556Z,node 22.23.3,linux,x64,Intel(R) Core(TM) i5-10400F CPU @ 2.90GHz,b60d2fc93720,2,7,cylinder,32,2112,4096,0,2,obj,127593,lib-c,6,11.8579
2026-10-06T16:03:05.556Z,node 22.23.3,linux,x64,Intel(R) Core(TM) i5-10400F CPU @ 2.90GHz,b60d2fc93720,2,7,cylinder,32,2112,4096,0,2,obj,127593,lib-c,7,10.9898
2026-10-06T16:03:05.556Z,node 22.23.3,linux,x64,Intel(R) Core(TM) i5-10400F CPU @ 2.90GHz,b60d2fc93720,2,7,cylinder,32,2112,4096,0,2,obj,127593,topologie,1,7.9175
2026-10-06T16:03:05.556Z,node 22.23.3,linux,x64,Intel(R) Core(TM) i5-10400F CPU @ 2.90GHz,b60d2fc93720,2,7,cylinder,32,2112,4096,0,2,obj,127593,topologie,2,9.4579
2026-10-06T16:03:05.556Z,node 22.23.3,linux,x64,Intel(R) Core(TM) i5-10400F CPU @ 2.90GHz,b60d2fc93720,2,7,cylinder,32,2112,4096,0,2,obj,127593,topologie,3,7.8804
2026-10-06T16:03:05.556Z,node 22.23.3,linux,x64,Intel(R) Core(TM) i5-10400F CPU @ 2.90GHz,b60d2fc93720,2,7,cylinder,32,2112,4096,0,2,obj,127593,topologie,4,9.5926
2026-10-06T16:03:05.556Z,node 22.23.3,linux,x64,Intel(R) Core(TM) i5-10400F CPU @ 2.90GHz,b60d2fc93720,2,7,cylinder,32,2112,4096,0,2,obj,127593,topologie,5,8.4332
2026-10-06T16:03:05.556Z,node 22.23.3,linux,x64,Intel(R) Core(TM) i5-10400F CPU @ 2.90GHz,b60d2fc93720,2,7,cylinder,32,2112,4096,0,2,obj,127593,topologie,6,8.1367
2026-10-06T16:03:05.556Z,node 22.23.3,linux,x64,Intel(R) Core(TM) i5-10400F CPU @ 2.90GHz,b60d2fc93720,2,7,cylinder,32,2112,4096,0,2,obj,127593,topologie,7,10.6929
2026-10-06T16:03:05.556Z,node 22.23.3,linux,x64,Intel(R) Core(TM) i5-10400F CPU @ 2.90GHz,b60d2fc93720,2,7,cylinder,32,2112,4096,0,2,ply,78821,lib-c,1,5.3089
2026-10-06T16:03:05.556Z,node 22.23.3,linux,x64,Intel(R) Core(TM) i5-10400F CPU @ 2.90GHz,b60d2fc93720,2,7,cylinder,32,2112,4096,0,2,ply,78821,lib-c,2,6.0333
2026-10-06T16:03:05.556Z,node 22.23.3,linux,x64,Intel(R) Core(TM) i5-10400F CPU @ 2.90GHz,b60d2fc93720,2,7,cylinder,32,2112,4096,0,2,ply,78821,lib-c,3,8.4258
2026-10-06T16:03:05.556Z,node 22.23.3,linux,x64,Intel(R) Core(TM) i5-10400F CPU @ 2.90GHz,b60d2fc93720,2,7,cylinder,32,2112,4096,0,2,ply,78821,lib-c,4,6.6401
2026-10-06T16:03:05.556Z,node 22.23.3,linux,x64,Intel(R) Core(TM) i5-10400F CPU @ 2.90GHz,b60d2fc93720,2,7,cylinder,32,2112,4096,0,2,ply,78821,lib-c,5,5.5438
2026-10-06T16:03:05.556Z,node 22.23.3,linux,x64,Intel(R) Core(TM) i5-10400F CPU @ 2.90GHz,b60d2fc93720,2,7,cylinder,32,2112,4096,0,2,ply,78821,lib-c,6,5.0626
2026-10-06T16:03:05.556Z,node 22.23.3,linux,x64,Intel(R) Core(TM) i5-10400F CPU @ 2.90GHz,b60d2fc93720,2,7,cylinder,32,2112,4096,0,2,ply,78821,lib-c,7,5.7886
2026-10-06T16:03:05.556Z,node 22.23.3,linux,x64,Intel(R) Core(TM) i5-10400F CPU @ 2.90GHz,b60d2fc93720,2,7,cylinder,32,2112,4096,0,2,ply,78821,topologie,1,2.4799
2026-10-06T16:03:05.556Z,node 22.23.3,linux,x64,Intel(R) Core(TM) i5-10400F CPU @ 2.90GHz,b60d2fc93720,2,7,cylinder,32,2112,4096,0,2,ply,78821,topologie,2,2.8838
2026-10-06T16:03:05.556Z,node 22.23.3,linux,x64,Intel(R) Core(TM) i5-10400F CPU @ 2.90GHz,b60d2fc93720,2,7,cylinder,32,2112,4096,0,2,ply,78821,topologie,3,3.4699
2026-10-06T16:03:05.556Z,node 22.23.3,linux,x64,Intel(R) Core(TM) i5-10400F CPU @ 2.90GHz,b60d2fc93720,2,7,cylinder,32,2112,4096,0,2,ply,78821,topologie,4,2.6436
2026-10-06T16:03:05.556Z,node 22.23.3,linux,x64,Intel(R) Core(TM) i5-10400F CPU @ 2.90GHz,b60d2fc93720,2,7,cylinder,32,2112,4096,0,2,ply,78821,topologie,5,2.4969
2026-10-06T16:03:05.556Z,node 22.23.3,linux,x64,Intel(R) Core(TM) i5-10400F CPU @ 2.90GHz,b60d2fc93720,2,7,cylinder,32,2112,4096,0,2,ply,78821,topologie,6,2.4856
2026-10-06T16:03:05.556Z,node 22.23.3,linux,x64,Intel(R) Core(TM) i5-10400F CPU @ 2.90GHz,b60d2fc93720,2,7,cylinder,32,2112,4096,0,2,ply,78821,topologie,7,2.4384
2026-10-06T16:03:05.556Z,node 22.23.3,linux,x64,Intel(R) Core(TM) i5-10400F CPU @ 2.90GHz,b60d2fc93720,2,7,cylinder,32,2112,4096,0,2,stl,204884,lib-c,1,23.5340
2026-10-06T16:03:05.556Z,node 22.23.3,linux,x64,Intel(R) Core(TM) i5-10400F CPU @ 2.90GHz,b60d2fc93720,2,7,cylinder,32,2112,4096,0,2,stl,204884,lib-c,2,18.5783
2026-10-06T16:03:05.556Z,node 22.23.3,linux,x64,Intel(R) Core(TM) i5-10400F CPU @ 2.90GHz,b60d2fc93720,2,7,cylinder,32,2112,4096,0,2,stl,204884,lib-c,3,14.3995
2026-10-06T16:03:05.556Z,node 22.23.3,linux,x64,Intel(R) Core(TM) i5-10400F CPU @ 2.90GHz,b60d2fc93720,2,7,cylinder,32,2112,4096,0,2,stl,204884,lib-c,4,14.2379
2026-10-06T16:03:05.556Z,node 22.23.3,linux,x64,Intel(R) Core(TM) i5-10400F CPU @ 2.90GHz,b60d2fc93720,2,7,cylinder,32,2112,4096,0,2,stl,204884,lib-c,5,13.7767
2026-10-06T16:03:05.556Z,node 22.23.3,linux,x64,Intel(R) Core(TM) i5-10400F CPU @ 2.90GHz,b60d2fc93720,2,7,cylinder,32,2112,4096,0,2,stl,204884,lib-c,6,13.7129
2026-10-06T16:03:05.556Z,node 22.23.3,linux,x64,Intel(R) Core(TM) i5-10400F CPU @ 2.90GHz,b60d2fc93720,2,7,cylinder,32,2112,4096,0,2,stl,204884,lib-c,7,15.3957
2026-10-06T16:03:05.556Z,node 22.23.3,linux,x64,Intel(R) Core(TM) i5-10400F CPU @ 2.90GHz,b60d2fc93720,2,7,cylinder,32,2112,4096,0,2,stl,204884,topologie,1,12.8819
2026-10-06T16:03:05.556Z,node 22.23.3,linux,x64,Intel(R) Core(TM) i5-10400F CPU @ 2.90GHz,b60d2fc93720,2,7,cylinder,32,2112,4096,0,2,stl,204884,topologie,2,13.9487
2026-10-06T16:03:05.556Z,node 22.23.3,linux,x64,Intel(R) Core(TM) i5-10400F CPU @ 2.90GHz,b60d2fc93720,2,7,cylinder,32,2112,4096,0,2,stl,204884,topologie,3,11.8900
2026-10-06T16:03:05.556Z,node 22.23.3,linux,x64,Intel(R) Core(TM) i5-10400F CPU @ 2.90GHz,b60d2fc93720,2,7,cylinder,32,2112,4096,0,2,stl,204884,topologie,4,11.5960
2026-10-06T16:03:05.556Z,node 22.23.3,linux,x64,Intel(R) Core(TM) i5-10400F CPU @ 2.90GHz,b60d2fc93720,2,7,cylinder,32,2112,4096,0,2,stl,204884,topologie,5,10.6728
2026-10-06T16:03:05.556Z,node 22.23.3,linux,x64,Intel(R) Core(TM) i5-10400F CPU @ 2.90GHz,b60d2fc93720,2,7,cylinder,32,2112,4096,0,2,stl,204884,topologie,6,12.0232
2026-10-06T16:03:05.556Z,node 22.23.3,linux,x64,Intel(R) Core(TM) i5-10400F CPU @ 2.90GHz,b60d2fc93720,2,7,cylinder,32,2112,4096,0,2,stl,204884,topologie,7,11.5717
2026-10-06T16:03:05.556Z,node 22.23.3,linux,x64,Intel(R) Core(TM) i5-10400F CPU @ 2.90GHz,b60d2fc93720,2,7,cylinder,64,8320,16384,0,2,obj,525670,lib-c,1,61.2886
2026-10-06T16:03:05.556Z,node 22.23.3,linux,x64,Intel(R) Core(TM) i5-10400F CPU @ 2.90GHz,b60d2fc93720,2,7,cylinder,64,8320,16384,0,2,obj,525670,lib-c,2,66.7043
2026-10-06T16:03:05.556Z,node 22.23.3,linux,x64,Intel(R) Core(TM) i5-10400F CPU @ 2.90GHz,b60d2fc93720,2,7,cylinder,64,8320,16384,0,2,obj,525670,lib-c,3,63.7803
2026-10-06T16:03:05.556Z,node 22.23.3,linux,x64,Intel(R) Core(TM) i5-10400F CPU @ 2.90GHz,b60d2fc93720,2,7,cylinder,64,8320,16384,0,2,obj,525670,lib-c,4,55.0132
2026-10-06T16:03:05.556Z,node 22.23.3,linux,x64,Intel(R) Core(TM) i5-10400F CPU @ 2.90GHz,b60d2fc93720,2,7,cylinder,64,8320,16384,0,2,obj,525670,lib-c,5,50.9551
2026-10-06T16:03:05.556Z,node 22.23.3,linux,x64,Intel(R) Core(TM) i5-10400F CPU @ 2.90GHz,b60d2fc93720,2,7,cylinder,64,8320,16384,0,2,obj,525670,lib-c,6,50.9011
2026-10-06T16:03:05.556Z,node 22.23.3,linux,x64,Intel(R) Core(TM) i5-10400F CPU @ 2.90GHz,b60d2fc93720,2,7,cylinder,64,8320,16384,0,2,obj,525670,lib-c,7,46.5915
2026-10-06T16:03:05.556Z,node 22.23.3,linux,x64,Intel(R) Core(TM) i5-10400F CPU @ 2.90GHz,b60d2fc93720,2,7,cylinder,64,8320,16384,0,2,obj,525670,topologie,1,37.3814
2026-10-06T16:03:05.556Z,node 22.23.3,linux,x64,Intel(R) Core(TM) i5-10400F CPU @ 2.90GHz,b60d2fc93720,2,7,cylinder,64,8320,16384,0,2,obj,525670,topologie,2,34.3063
2026-10-06T16:03:05.556Z,node 22.23.3,linux,x64,Intel(R) Core(TM) i5-10400F CPU @ 2.90GHz,b60d2fc93720,2,7,cylinder,64,8320,16384,0,2,obj,525670,topologie,3,32.9327
2026-10-06T16:03:05.556Z,node 22.23.3,linux,x64,Intel(R) Core(TM) i5-10400F CPU @ 2.90GHz,b60d2fc93720,2,7,cylinder,64,8320,16384,0,2,obj,525670,topologie,4,32.8777
2026-10-06T16:03:05.556Z,node 22.23.3,linux,x64,Intel(R) Core(TM) i5-10400F CPU @ 2.90GHz,b60d2fc93720,2,7,cylinder,64,8320,16384,0,2,obj,525670,topologie,5,32.9707
2026-10-06T16:03:05.556Z,node 22.23.3,linux,x64,Intel(R) Core(TM) i5-10400F CPU @ 2.90GHz,b60d2fc93720,2,7,cylinder,64,8320,16384,0,2,obj,525670,topologie,6,36.6725
2026-10-06T16:03:05.556Z,node 22.23.3,linux,x64,Intel(R) Core(TM) i5-10400F CPU @ 2.90GHz,b60d2fc93720,2,7,cylinder,64,8320,16384,0,2,obj,525670,topologie,7,37.0918
2026-10-06T16:03:05.556Z,node 22.23.3,linux,x64,Intel(R) Core(TM) i5-10400F CPU @ 2.90GHz,b60d2fc93720,2,7,cylinder,64,8320,16384,0,2,ply,313062,lib-c,1,31.1844
2026-10-06T16:03:05.556Z,node 22.23.3,linux,x64,Intel(R) Core(TM) i5-10400F CPU @ 2.90GHz,b60d2fc93720,2,7,cylinder,64,8320,16384,0,2,ply,313062,lib-c,2,32.8806
2026-10-06T16:03:05.556Z,node 22.23.3,linux,x64,Intel(R) Core(TM) i5-10400F CPU @ 2.90GHz,b60d2fc93720,2,7,cylinder,64,8320,16384,0,2,ply,313062,lib-c,3,29.6132
2026-10-06T16:03:05.556Z,node 22.23.3,linux,x64,Intel(R) Core(TM) i5-10400F CPU @ 2.90GHz,b60d2fc93720,2,7,cylinder,64,8320,16384,0,2,ply,313062,lib-c,4,27.4853
2026-10-06T16:03:05.556Z,node 22.23.3,linux,x64,Intel(R) Core(TM) i5-10400F CPU @ 2.90GHz,b60d2fc93720,2,7,cylinder,64,8320,16384,0,2,ply,313062,lib-c,5,34.2473
2026-10-06T16:03:05.556Z,node 22.23.3,linux,x64,Intel(R) Core(TM) i5-10400F CPU @ 2.90GHz,b60d2fc93720,2,7,cylinder,64,8320,16384,0,2,ply,313062,lib-c,6,31.5007
2026-10-06T16:03:05.556Z,node 22.23.3,linux,x64,Intel(R) Core(TM) i5-10400F CPU @ 2.90GHz,b60d2fc93720,2,7,cylinder,64,8320,16384,0,2,ply,313062,lib-c,7,30.7523
2026-10-06T16:03:05.556Z,node 22.23.3,linux,x64,Intel(R) Core(TM) i5-10400F CPU @ 2.90GHz,b60d2fc93720,2,7,cylinder,64,8320,16384,0,2,ply,313062,topologie,1,16.6951
2026-10-06T16:03:05.556Z,node 22.23.3,linux,x64,Intel(R) Core(TM) i5-10400F CPU @ 2.90GHz,b60d2fc93720,2,7,cylinder,64,8320,16384,0,2,ply,313062,topologie,2,13.5352
2026-10-06T16:03:05.556Z,node 22.23.3,linux,x64,Intel(R) Core(TM) i5-10400F CPU @ 2.90GHz,b60d2fc93720,2,7,cylinder,64,8320,16384,0,2,ply,313062,topologie,3,14.2666
2026-10-06T16:03:05.556Z,node 22.23.3,linux,x64,Intel(R) Core(TM) i5-10400F CPU @ 2.90GHz,b60d2fc93720,2,7,cylinder,64,8320,16384,0,2,ply,313062,topologie,4,18.8070
2026-10-06T16:03:05.556Z,node 22.23.3,linux,x64,Intel(R) Core(TM) i5-10400F CPU @ 2.90GHz,b60d2fc93720,2,7,cylinder,64,8320,16384,0,2,ply,313062,topologie,5,18.6141
2026-10-06T16:03:05.556Z,node 22.23.3,linux,x64,Intel(R) Core(TM) i5-10400F CPU @ 2.90GHz,b60d2fc93720,2,7,cylinder,64,8320,16384,0,2,ply,313062,topologie,6,19.7008
2026-10-06T16:03:05.556Z,node 22.23.3,linux,x64,Intel(R) Core(TM) i5-10400F CPU @ 2.90GHz,b60d2fc93720,2,7,cylinder,64,8320,16384,0,2,ply,313062,topologie,7,18.9991
2026-10-06T16:03:05.556Z,node 22.23.3,linux,x64,Intel(R) Core(TM) i5-10400F CPU @ 2.90GHz,b60d2fc93720,2,7,cylinder,64,8320,16384,0,2,stl,819284,lib-c,1,57.8546
2026-10-06T16:03:05.556Z,node 22.23.3,linux,x64,Intel(R) Core(TM) i5-10400F CPU @ 2.90GHz,b60d2fc93720,2,7,cylinder,64,8320,16384,0,2,stl,819284,lib-c,2,60.6784
2026-10-06T16:03:05.556Z,node 22.23.3,linux,x64,Intel(R) Core(TM) i5-10400F CPU @ 2.90GHz,b60d2fc93720,2,7,cylinder,64,8320,16384,0,2,stl,819284,lib-c,3,70.1879
2026-10-06T16:03:05.556Z,node 22.23.3,linux,x64,Intel(R) Core(TM) i5-10400F CPU @ 2.90GHz,b60d2fc93720,2,7,cylinder,64,8320,16384,0,2,stl,819284,lib-c,4,65.6656
2026-10-06T16:03:05.556Z,node 22.23.3,linux,x64,Intel(R) Core(TM) i5-10400F CPU @ 2.90GHz,b60d2fc93720,2,7,cylinder,64,8320,16384,0,2,stl,819284,lib-c,5,61.4972
2026-10-06T16:03:05.556Z,node 22.23.3,linux,x64,Intel(R) Core(TM) i5-10400F CPU @ 2.90GHz,b60d2fc93720,2,7,cylinder,64,8320,16384,0,2,stl,819284,lib-c,6,69.8039
2026-10-06T16:03:05.556Z,node 22.23.3,linux,x64,Intel(R) Core(TM) i5-10400F CPU @ 2.90GHz,b60d2fc93720,2,7,cylinder,64,8320,16384,0,2,stl,819284,lib-c,7,62.7055
2026-10-06T16:03:05.556Z,node 22.23.3,linux,x64,Intel(R) Core(TM) i5-10400F CPU @ 2.90GHz,b60d2fc93720,2,7,cylinder,64,8320,16384,0,2,stl,819284,topologie,1,48.0368
2026-10-06T16:03:05.556Z,node 22.23.3,linux,x64,Intel(R) Core(TM) i5-10400F CPU @ 2.90GHz,b60d2fc93720,2,7,cylinder,64,8320,16384,0,2,stl,819284,topologie,2,62.5381
2026-10-06T16:03:05.556Z,node 22.23.3,linux,x64,Intel(R) Core(TM) i5-10400F CPU @ 2.90GHz,b60d2fc93720,2,7,cylinder,64,8320,16384,0,2,stl,819284,topologie,3,51.0962
2026-10-06T16:03:05.556Z,node 22.23.3,linux,x64,Intel(R) Core(TM) i5-10400F CPU @ 2.90GHz,b60d2fc93720,2,7,cylinder,64,8320,16384,0,2,stl,819284,topologie,4,48.1467
2026-10-06T16:03:05.556Z,node 22.23.3,linux,x64,Intel(R) Core(TM) i5-10400F CPU @ 2.90GHz,b60d2fc93720,2,7,cylinder,64,8320,16384,0,2,stl,819284,topologie,5,44.8856
2026-10-06T16:03:05.556Z,node 22.23.3,linux,x64,Intel(R) Core(TM) i5-10400F CPU @ 2.90GHz,b60d2fc93720,2,7,cylinder,64,8320,16384,0,2,stl,819284,topologie,6,46.9970
2026-10-06T16:03:05.556Z,node 22.23.3,linux,x64,Intel(R) Core(TM) i5-10400F CPU @ 2.90GHz,b60d2fc93720,2,7,cylinder,64,8320,16384,0,2,stl,819284,topologie,7,53.0590
2026-10-06T16:03:05.556Z,node 22.23.3,linux,x64,Intel(R) Core(TM) i5-10400F CPU @ 2.90GHz,b60d2fc93720,2,7,cylinder,128,33024,65536,0,2,obj,2251623,lib-c,1,206.9940
2026-10-06T16:03:05.556Z,node 22.23.3,linux,x64,Intel(R) Core(TM) i5-10400F CPU @ 2.90GHz,b60d2fc93720,2,7,cylinder,128,33024,65536,0,2,obj,2251623,lib-c,2,208.2213
2026-10-06T16:03:05.556Z,node 22.23.3,linux,x64,Intel(R) Core(TM) i5-10400F CPU @ 2.90GHz,b60d2fc93720,2,7,cylinder,128,33024,65536,0,2,obj,2251623,lib-c,3,213.1211
2026-10-06T16:03:05.556Z,node 22.23.3,linux,x64,Intel(R) Core(TM) i5-10400F CPU @ 2.90GHz,b60d2fc93720,2,7,cylinder,128,33024,65536,0,2,obj,2251623,lib-c,4,205.8664
2026-10-06T16:03:05.556Z,node 22.23.3,linux,x64,Intel(R) Core(TM) i5-10400F CPU @ 2.90GHz,b60d2fc93720,2,7,cylinder,128,33024,65536,0,2,obj,2251623,lib-c,5,214.3803
2026-10-06T16:03:05.556Z,node 22.23.3,linux,x64,Intel(R) Core(TM) i5-10400F CPU @ 2.90GHz,b60d2fc93720,2,7,cylinder,128,33024,65536,0,2,obj,2251623,lib-c,6,208.4966
2026-10-06T16:03:05.556Z,node 22.23.3,linux,x64,Intel(R) Core(TM) i5-10400F CPU @ 2.90GHz,b60d2fc93720,2,7,cylinder,128,33024,65536,0,2,obj,2251623,lib-c,7,233.7447
2026-10-06T16:03:05.556Z,node 22.23.3,linux,x64,Intel(R) Core(TM) i5-10400F CPU @ 2.90GHz,b60d2fc93720,2,7,cylinder,128,33024,65536,0,2,obj,2251623,topologie,1,139.7877
2026-10-06T16:03:05.556Z,node 22.23.3,linux,x64,Intel(R) Core(TM) i5-10400F CPU @ 2.90GHz,b60d2fc93720,2,7,cylinder,128,33024,65536,0,2,obj,2251623,topologie,2,149.2045
2026-10-06T16:03:05.556Z,node 22.23.3,linux,x64,Intel(R) Core(TM) i5-10400F CPU @ 2.90GHz,b60d2fc93720,2,7,cylinder,128,33024,65536,0,2,obj,2251623,topologie,3,135.1908
2026-10-06T16:03:05.556Z,node 22.23.3,linux,x64,Intel(R) Core(TM) i5-10400F CPU @ 2.90GHz,b60d2fc93720,2,7,cylinder,128,33024,65536,0,2,obj,2251623,topologie,4,198.5124
2026-10-06T16:03:05.556Z,node 22.23.3,linux,x64,Intel(R) Core(TM) i5-10400F CPU @ 2.90GHz,b60d2fc93720,2,7,cylinder,128,33024,65536,0,2,obj,2251623,topologie,5,172.3348
2026-10-06T16:03:05.556Z,node 22.23.3,linux,x64,Intel(R) Core(TM) i5-10400F CPU @ 2.90GHz,b60d2fc93720,2,7,cylinder,128,33024,65536,0,2,obj,2251623,topologie,6,179.9610
2026-10-06T16:03:05.556Z,node 22.23.3,linux,x64,Intel(R) Core(TM) i5-10400F CPU @ 2.90GHz,b60d2fc93720,2,7,cylinder,128,33024,65536,0,2,obj,2251623,topologie,7,170.6889
2026-10-06T16:03:05.556Z,node 22.23.3,linux,x64,Intel(R) Core(TM) i5-10400F CPU @ 2.90GHz,b60d2fc93720,2,7,cylinder,128,33024,65536,0,2,ply,1248487,lib-c,1,109.7960
2026-10-06T16:03:05.556Z,node 22.23.3,linux,x64,Intel(R) Core(TM) i5-10400F CPU @ 2.90GHz,b60d2fc93720,2,7,cylinder,128,33024,65536,0,2,ply,1248487,lib-c,2,112.2625
2026-10-06T16:03:05.556Z,node 22.23.3,linux,x64,Intel(R) Core(TM) i5-10400F CPU @ 2.90GHz,b60d2fc93720,2,7,cylinder,128,33024,65536,0,2,ply,1248487,lib-c,3,127.9319
2026-10-06T16:03:05.556Z,node 22.23.3,linux,x64,Intel(R) Core(TM) i5-10400F CPU @ 2.90GHz,b60d2fc93720,2,7,cylinder,128,33024,65536,0,2,ply,1248487,lib-c,4,109.8050
2026-10-06T16:03:05.556Z,node 22.23.3,linux,x64,Intel(R) Core(TM) i5-10400F CPU @ 2.90GHz,b60d2fc93720,2,7,cylinder,128,33024,65536,0,2,ply,1248487,lib-c,5,103.3699
2026-10-06T16:03:05.556Z,node 22.23.3,linux,x64,Intel(R) Core(TM) i5-10400F CPU @ 2.90GHz,b60d2fc93720,2,7,cylinder,128,33024,65536,0,2,ply,1248487,lib-c,6,116.7699
2026-10-06T16:03:05.556Z,node 22.23.3,linux,x64,Intel(R) Core(TM) i5-10400F CPU @ 2.90GHz,b60d2fc93720,2,7,cylinder,128,33024,65536,0,2,ply,1248487,lib-c,7,121.3893
2026-10-06T16:03:05.556Z,node 22.23.3,linux,x64,Intel(R) Core(TM) i5-10400F CPU @ 2.90GHz,b60d2fc93720,2,7,cylinder,128,33024,65536,0,2,ply,1248487,topologie,1,51.5438
2026-10-06T16:03:05.556Z,node 22.23.3,linux,x64,Intel(R) Core(TM) i5-10400F CPU @ 2.90GHz,b60d2fc93720,2,7,cylinder,128,33024,65536,0,2,ply,1248487,topologie,2,50.8963
2026-10-06T16:03:05.556Z,node 22.23.3,linux,x64,Intel(R) Core(TM) i5-10400F CPU @ 2.90GHz,b60d2fc93720,2,7,cylinder,128,33024,65536,0,2,ply,1248487,topologie,3,46.8825
2026-10-06T16:03:05.556Z,node 22.23.3,linux,x64,Intel(R) Core(TM) i5-10400F CPU @ 2.90GHz,b60d2fc93720,2,7,cylinder,128,33024,65536,0,2,ply,1248487,topologie,4,45.9965
2026-10-06T16:03:05.556Z,node 22.23.3,linux,x64,Intel(R) Core(TM) i5-10400F CPU @ 2.90GHz,b60d2fc93720,2,7,cylinder,128,33024,65536,0,2,ply,1248487,topologie,5,47.5103
2026-10-06T16:03:05.556Z,node 22.23.3,linux,x64,Intel(R) Core(TM) i5-10400F CPU @ 2.90GHz,b60d2fc93720,2,7,cylinder,128,33024,65536,0,2,ply,1248487,topologie,6,60.1582
2026-10-06T16:03:05.556Z,node 22.23.3,linux,x64,Intel(R) Core(TM) i5-10400F CPU @ 2.90GHz,b60d2fc93720,2,7,cylinder,128,33024,65536,0,2,ply,1248487,topologie,7,59.7145
2026-10-06T16:03:05.556Z,node 22.23.3,linux,x64,Intel(R) Core(TM) i5-10400F CPU @ 2.90GHz,b60d2fc93720,2,7,cylinder,128,33024,65536,0,2,stl,3276884,lib-c,1,312.0648
2026-10-06T16:03:05.556Z,node 22.23.3,linux,x64,Intel(R) Core(TM) i5-10400F CPU @ 2.90GHz,b60d2fc93720,2,7,cylinder,128,33024,65536,0,2,stl,3276884,lib-c,2,357.7173
2026-10-06T16:03:05.556Z,node 22.23.3,linux,x64,Intel(R) Core(TM) i5-10400F CPU @ 2.90GHz,b60d2fc93720,2,7,cylinder,128,33024,65536,0,2,stl,3276884,lib-c,3,347.7460
2026-10-06T16:03:05.556Z,node 22.23.3,linux,x64,Intel(R) Core(TM) i5-10400F CPU @ 2.90GHz,b60d2fc93720,2,7,cylinder,128,33024,65536,0,2,stl,3276884,lib-c,4,327.6362
2026-10-06T16:03:05.556Z,node 22.23.3,linux,x64,Intel(R) Core(TM) i5-10400F CPU @ 2.90GHz,b60d2fc93720,2,7,cylinder,128,33024,65536,0,2,stl,3276884,lib-c,5,315.5451
2026-10-06T16:03:05.556Z,node 22.23.3,linux,x64,Intel(R) Core(TM) i5-10400F CPU @ 2.90GHz,b60d2fc93720,2,7,cylinder,128,33024,65536,0,2,stl,3276884,lib-c,6,510.3465
2026-10-06T16:03:05.556Z,node 22.23.3,linux,x64,Intel(R) Core(TM) i5-10400F CPU @ 2.90GHz,b60d2fc93720,2,7,cylinder,128,33024,65536,0,2,stl,3276884,lib-c,7,334.1817
2026-10-06T16:03:05.556Z,node 22.23.3,linux,x64,Intel(R) Core(TM) i5-10400F CPU @ 2.90GHz,b60d2fc93720,2,7,cylinder,128,33024,65536,0,2,stl,3276884,topologie,1,243.0987
2026-10-06T16:03:05.556Z,node 22.23.3,linux,x64,Intel(R) Core(TM) i5-10400F CPU @ 2.90GHz,b60d2fc93720,2,7,cylinder,128,33024,65536,0,2,stl,3276884,topologie,2,232.2619
2026-10-06T16:03:05.556Z,node 22.23.3,linux,x64,Intel(R) Core(TM) i5-10400F CPU @ 2.90GHz,b60d2fc93720,2,7,cylinder,128,33024,65536,0,2,stl,3276884,topologie,3,204.1377
2026-10-06T16:03:05.556Z,node 22.23.3,linux,x64,Intel(R) Core(TM) i5-10400F CPU @ 2.90GHz,b60d2fc93720,2,7,cylinder,128,33024,65536,0,2,stl,3276884,topologie,4,259.6214
2026-10-06T16:03:05.556Z,node 22.23.3,linux,x64,Intel(R) Core(TM) i5-10400F CPU @ 2.90GHz,b60d2fc93720,2,7,cylinder,128,33024,65536,0,2,stl,3276884,topologie,5,266.1195
2026-10-06T16:03:05.556Z,node 22.23.3,linux,x64,Intel(R) Core(TM) i5-10400F CPU @ 2.90GHz,b60d2fc93720,2,7,cylinder,128,33024,65536,0,2,stl,3276884,topologie,6,241.0348
2026-10-06T16:03:05.556Z,node 22.23.3,linux,x64,Intel(R) Core(TM) i5-10400F CPU @ 2.90GHz,b60d2fc93720,2,7,cylinder,128,33024,65536,0,2,stl,3276884,topologie,7,229.3204
2026-10-06T16:03:05.556Z,node 22.23.3,linux,x64,Intel(R) Core(TM) i5-10400F CPU @ 2.90GHz,b60d2fc93720,2,7,cylinder,256,131584,262144,0,2,obj,9378124,lib-c,1,1026.4748
2026-10-06T16:03:05.556Z,node 22.23.3,linux,x64,Intel(R) Core(TM) i5-10400F CPU @ 2.90GHz,b60d2fc93720,2,7,cylinder,256,131584,262144,0,2,obj,9378124,lib-c,2,987.3418
2026-10-06T16:03:05.556Z,node 22.23.3,linux,x64,Intel(R) Core(TM) i5-10400F CPU @ 2.90GHz,b60d2fc93720,2,7,cylinder,256,131584,262144,0,2,obj,9378124,lib-c,3,917.6218
2026-10-06T16:03:05.556Z,node 22.23.3,linux,x64,Intel(R) Core(TM) i5-10400F CPU @ 2.90GHz,b60d2fc93720,2,7,cylinder,256,131584,262144,0,2,obj,9378124,lib-c,4,938.1702
2026-10-06T16:03:05.556Z,node 22.23.3,linux,x64,Intel(R) Core(TM) i5-10400F CPU @ 2.90GHz,b60d2fc93720,2,7,cylinder,256,131584,262144,0,2,obj,9378124,lib-c,5,1072.0356
2026-10-06T16:03:05.556Z,node 22.23.3,linux,x64,Intel(R) Core(TM) i5-10400F CPU @ 2.90GHz,b60d2fc93720,2,7,cylinder,256,131584,262144,0,2,obj,9378124,lib-c,6,990.5762
2026-10-06T16:03:05.556Z,node 22.23.3,linux,x64,Intel(R) Core(TM) i5-10400F CPU @ 2.90GHz,b60d2fc93720,2,7,cylinder,256,131584,262144,0,2,obj,9378124,lib-c,7,1060.7426
2026-10-06T16:03:05.556Z,node 22.23.3,linux,x64,Intel(R) Core(TM) i5-10400F CPU @ 2.90GHz,b60d2fc93720,2,7,cylinder,256,131584,262144,0,2,obj,9378124,topologie,1,693.0750
2026-10-06T16:03:05.556Z,node 22.23.3,linux,x64,Intel(R) Core(TM) i5-10400F CPU @ 2.90GHz,b60d2fc93720,2,7,cylinder,256,131584,262144,0,2,obj,9378124,topologie,2,656.5379
2026-10-06T16:03:05.556Z,node 22.23.3,linux,x64,Intel(R) Core(TM) i5-10400F CPU @ 2.90GHz,b60d2fc93720,2,7,cylinder,256,131584,262144,0,2,obj,9378124,topologie,3,653.2384
2026-10-06T16:03:05.556Z,node 22.23.3,linux,x64,Intel(R) Core(TM) i5-10400F CPU @ 2.90GHz,b60d2fc93720,2,7,cylinder,256,131584,262144,0,2,obj,9378124,topologie,4,653.3099
2026-10-06T16:03:05.556Z,node 22.23.3,linux,x64,Intel(R) Core(TM) i5-10400F CPU @ 2.90GHz,b60d2fc93720,2,7,cylinder,256,131584,262144,0,2,obj,9378124,topologie,5,747.9220
2026-10-06T16:03:05.556Z,node 22.23.3,linux,x64,Intel(R) Core(TM) i5-10400F CPU @ 2.90GHz,b60d2fc93720,2,7,cylinder,256,131584,262144,0,2,obj,9378124,topologie,6,734.6290
2026-10-06T16:03:05.556Z,node 22.23.3,linux,x64,Intel(R) Core(TM) i5-10400F CPU @ 2.90GHz,b60d2fc93720,2,7,cylinder,256,131584,262144,0,2,obj,9378124,topologie,7,674.2705
2026-10-06T16:03:05.556Z,node 22.23.3,linux,x64,Intel(R) Core(TM) i5-10400F CPU @ 2.90GHz,b60d2fc93720,2,7,cylinder,256,131584,262144,0,2,ply,4987113,lib-c,1,463.2523
2026-10-06T16:03:05.556Z,node 22.23.3,linux,x64,Intel(R) Core(TM) i5-10400F CPU @ 2.90GHz,b60d2fc93720,2,7,cylinder,256,131584,262144,0,2,ply,4987113,lib-c,2,513.1878
2026-10-06T16:03:05.556Z,node 22.23.3,linux,x64,Intel(R) Core(TM) i5-10400F CPU @ 2.90GHz,b60d2fc93720,2,7,cylinder,256,131584,262144,0,2,ply,4987113,lib-c,3,480.9206
2026-10-06T16:03:05.556Z,node 22.23.3,linux,x64,Intel(R) Core(TM) i5-10400F CPU @ 2.90GHz,b60d2fc93720,2,7,cylinder,256,131584,262144,0,2,ply,4987113,lib-c,4,464.8165
2026-10-06T16:03:05.556Z,node 22.23.3,linux,x64,Intel(R) Core(TM) i5-10400F CPU @ 2.90GHz,b60d2fc93720,2,7,cylinder,256,131584,262144,0,2,ply,4987113,lib-c,5,453.9023
2026-10-06T16:03:05.556Z,node 22.23.3,linux,x64,Intel(R) Core(TM) i5-10400F CPU @ 2.90GHz,b60d2fc93720,2,7,cylinder,256,131584,262144,0,2,ply,4987113,lib-c,6,477.4618
2026-10-06T16:03:05.556Z,node 22.23.3,linux,x64,Intel(R) Core(TM) i5-10400F CPU @ 2.90GHz,b60d2fc93720,2,7,cylinder,256,131584,262144,0,2,ply,4987113,lib-c,7,474.8589
2026-10-06T16:03:05.556Z,node 22.23.3,linux,x64,Intel(R) Core(TM) i5-10400F CPU @ 2.90GHz,b60d2fc93720,2,7,cylinder,256,131584,262144,0,2,ply,4987113,topologie,1,229.4739
2026-10-06T16:03:05.556Z,node 22.23.3,linux,x64,Intel(R) Core(TM) i5-10400F CPU @ 2.90GHz,b60d2fc93720,2,7,cylinder,256,131584,262144,0,2,ply,4987113,topologie,2,197.4903
2026-10-06T16:03:05.556Z,node 22.23.3,linux,x64,Intel(R) Core(TM) i5-10400F CPU @ 2.90GHz,b60d2fc93720,2,7,cylinder,256,131584,262144,0,2,ply,4987113,topologie,3,251.5563
2026-10-06T16:03:05.556Z,node 22.23.3,linux,x64,Intel(R) Core(TM) i5-10400F CPU @ 2.90GHz,b60d2fc93720,2,7,cylinder,256,131584,262144,0,2,ply,4987113,topologie,4,271.2633
2026-10-06T16:03:05.556Z,node 22.23.3,linux,x64,Intel(R) Core(TM) i5-10400F CPU @ 2.90GHz,b60d2fc93720,2,7,cylinder,256,131584,262144,0,2,ply,4987113,topologie,5,257.8026
2026-10-06T16:03:05.556Z,node 22.23.3,linux,x64,Intel(R) Core(TM) i5-10400F CPU @ 2.90GHz,b60d2fc93720,2,7,cylinder,256,131584,262144,0,2,ply,4987113,topologie,6,252.6407
2026-10-06T16:03:05.556Z,node 22.23.3,linux,x64,Intel(R) Core(TM) i5-10400F CPU @ 2.90GHz,b60d2fc93720,2,7,cylinder,256,131584,262144,0,2,ply,4987113,topologie,7,252.8683
2026-10-06T16:03:05.556Z,node 22.23.3,linux,x64,Intel(R) Core(TM) i5-10400F CPU @ 2.90GHz,b60d2fc93720,2,7,cylinder,256,131584,262144,0,2,stl,13107284,lib-c,1,1468.7955
2026-10-06T16:03:05.556Z,node 22.23.3,linux,x64,Intel(R) Core(TM) i5-10400F CPU @ 2.90GHz,b60d2fc93720,2,7,cylinder,256,131584,262144,0,2,stl,13107284,lib-c,2,1588.2352
2026-10-06T16:03:05.556Z,node 22.23.3,linux,x64,Intel(R) Core(TM) i5-10400F CPU @ 2.90GHz,b60d2fc93720,2,7,cylinder,256,131584,262144,0,2,stl,13107284,lib-c,3,1511.4682
2026-10-06T16:03:05.556Z,node 22.23.3,linux,x64,Intel(R) Core(TM) i5-10400F CPU @ 2.90GHz,b60d2fc93720,2,7,cylinder,256,131584,262144,0,2,stl,13107284,lib-c,4,1523.1455
2026-10-06T16:03:05.556Z,node 22.23.3,linux,x64,Intel(R) Core(TM) i5-10400F CPU @ 2.90GHz,b60d2fc93720,2,7,cylinder,256,131584,262144,0,2,stl,13107284,lib-c,5,1149.5944
2026-10-06T16:03:05.556Z,node 22.23.3,linux,x64,Intel(R) Core(TM) i5-10400F CPU @ 2.90GHz,b60d2fc93720,2,7,cylinder,256,131584,262144,0,2,stl,13107284,lib-c,6,1253.5593
2026-10-06T16:03:05.556Z,node 22.23.3,linux,x64,Intel(R) Core(TM) i5-10400F CPU @ 2.90GHz,b60d2fc93720,2,7,cylinder,256,131584,262144,0,2,stl,13107284,lib-c,7,1248.2875
2026-10-06T16:03:05.556Z,node 22.23.3,linux,x64,Intel(R) Core(TM) i5-10400F CPU @ 2.90GHz,b60d2fc93720,2,7,cylinder,256,131584,262144,0,2,stl,13107284,topologie,1,1176.4638
2026-10-06T16:03:05.556Z,node 22.23.3,linux,x64,Intel(R) Core(TM) i5-10400F CPU @ 2.90GHz,b60d2fc93720,2,7,cylinder,256,131584,262144,0,2,stl,13107284,topologie,2,1117.8582
2026-10-06T16:03:05.556Z,node 22.23.3,linux,x64,Intel(R) Core(TM) i5-10400F CPU @ 2.90GHz,b60d2fc93720,2,7,cylinder,256,131584,262144,0,2,stl,13107284,topologie,3,1137.4733
2026-10-06T16:03:05.556Z,node 22.23.3,linux,x64,Intel(R) Core(TM) i5-10400F CPU @ 2.90GHz,b60d2fc93720,2,7,cylinder,256,131584,262144,0,2,stl,13107284,topologie,4,1116.1718
2026-10-06T16:03:05.556Z,node 22.23.3,linux,x64,Intel(R) Core(TM) i5-10400F CPU @ 2.90GHz,b60d2fc93720,2,7,cylinder,256,131584,262144,0,2,stl,13107284,topologie,5,1071.1431
2026-10-06T16:03:05.556Z,node 22.23.3,linux,x64,Intel(R) Core(TM) i5-10400F CPU @ 2.90GHz,b60d2fc93720,2,7,cylinder,256,131584,262144,0,2,stl,13107284,topologie,6,955.6540
2026-10-06T16:03:05.556Z,node 22.23.3,linux,x64,Intel(R) Core(TM) i5-10400F CPU @ 2.90GHz,b60d2fc93720,2,7,cylinder,256,131584,262144,0,2,stl,13107284,topologie,7,1061.2005
2026-10-06T16:03:05.556Z,node 22.23.3,linux,x64,Intel(R) Core(TM) i5-10400F CPU @ 2.90GHz,b60d2fc93720,2,7,sphere,16,514,1024,2,0,obj,29409,lib-c,1,3.2175
2026-10-06T16:03:05.556Z,node 22.23.3,linux,x64,Intel(R) Core(TM) i5-10400F CPU @ 2.90GHz,b60d2fc93720,2,7,sphere,16,514,1024,2,0,obj,29409,lib-c,2,3.2156
2026-10-06T16:03:05.556Z,node 22.23.3,linux,x64,Intel(R) Core(TM) i5-10400F CPU @ 2.90GHz,b60d2fc93720,2,7,sphere,16,514,1024,2,0,obj,29409,lib-c,3,3.0896
2026-10-06T16:03:05.556Z,node 22.23.3,linux,x64,Intel(R) Core(TM) i5-10400F CPU @ 2.90GHz,b60d2fc93720,2,7,sphere,16,514,1024,2,0,obj,29409,lib-c,4,3.0779
2026-10-06T16:03:05.556Z,node 22.23.3,linux,x64,Intel(R) Core(TM) i5-10400F CPU @ 2.90GHz,b60d2fc93720,2,7,sphere,16,514,1024,2,0,obj,29409,lib-c,5,3.0680
2026-10-06T16:03:05.556Z,node 22.23.3,linux,x64,Intel(R) Core(TM) i5-10400F CPU @ 2.90GHz,b60d2fc93720,2,7,sphere,16,514,1024,2,0,obj,29409,lib-c,6,3.2206
2026-10-06T16:03:05.556Z,node 22.23.3,linux,x64,Intel(R) Core(TM) i5-10400F CPU @ 2.90GHz,b60d2fc93720,2,7,sphere,16,514,1024,2,0,obj,29409,lib-c,7,3.1134
2026-10-06T16:03:05.556Z,node 22.23.3,linux,x64,Intel(R) Core(TM) i5-10400F CPU @ 2.90GHz,b60d2fc93720,2,7,sphere,16,514,1024,2,0,obj,29409,topologie,1,2.4379
2026-10-06T16:03:05.556Z,node 22.23.3,linux,x64,Intel(R) Core(TM) i5-10400F CPU @ 2.90GHz,b60d2fc93720,2,7,sphere,16,514,1024,2,0,obj,29409,topologie,2,2.7602
2026-10-06T16:03:05.556Z,node 22.23.3,linux,x64,Intel(R) Core(TM) i5-10400F CPU @ 2.90GHz,b60d2fc93720,2,7,sphere,16,514,1024,2,0,obj,29409,topologie,3,2.5622
2026-10-06T16:03:05.556Z,node 22.23.3,linux,x64,Intel(R) Core(TM) i5-10400F CPU @ 2.90GHz,b60d2fc93720,2,7,sphere,16,514,1024,2,0,obj,29409,topologie,4,2.4100
2026-10-06T16:03:05.556Z,node 22.23.3,linux,x64,Intel(R) Core(TM) i5-10400F CPU @ 2.90GHz,b60d2fc93720,2,7,sphere,16,514,1024,2,0,obj,29409,topologie,5,3.1633
2026-10-06T16:03:05.556Z,node 22.23.3,linux,x64,Intel(R) Core(TM) i5-10400F CPU @ 2.90GHz,b60d2fc93720,2,7,sphere,16,514,1024,2,0,obj,29409,topologie,6,2.4373
2026-10-06T16:03:05.556Z,node 22.23.3,linux,x64,Intel(R) Core(TM) i5-10400F CPU @ 2.90GHz,b60d2fc93720,2,7,sphere,16,514,1024,2,0,obj,29409,topologie,7,2.4919
2026-10-06T16:03:05.556Z,node 22.23.3,linux,x64,Intel(R) Core(TM) i5-10400F CPU @ 2.90GHz,b60d2fc93720,2,7,sphere,16,514,1024,2,0,ply,19708,lib-c,1,1.2696
2026-10-06T16:03:05.556Z,node 22.23.3,linux,x64,Intel(R) Core(TM) i5-10400F CPU @ 2.90GHz,b60d2fc93720,2,7,sphere,16,514,1024,2,0,ply,19708,lib-c,2,1.3598
2026-10-06T16:03:05.556Z,node 22.23.3,linux,x64,Intel(R) Core(TM) i5-10400F CPU @ 2.90GHz,b60d2fc93720,2,7,sphere,16,514,1024,2,0,ply,19708,lib-c,3,1.2656
2026-10-06T16:03:05.556Z,node 22.23.3,linux,x64,Intel(R) Core(TM) i5-10400F CPU @ 2.90GHz,b60d2fc93720,2,7,sphere,16,514,1024,2,0,ply,19708,lib-c,4,1.2267
2026-10-06T16:03:05.556Z,node 22.23.3,linux,x64,Intel(R) Core(TM) i5-10400F CPU @ 2.90GHz,b60d2fc93720,2,7,sphere,16,514,1024,2,0,ply,19708,lib-c,5,1.2553
2026-10-06T16:03:05.556Z,node 22.23.3,linux,x64,Intel(R) Core(TM) i5-10400F CPU @ 2.90GHz,b60d2fc93720,2,7,sphere,16,514,1024,2,0,ply,19708,lib-c,6,1.3300
2026-10-06T16:03:05.556Z,node 22.23.3,linux,x64,Intel(R) Core(TM) i5-10400F CPU @ 2.90GHz,b60d2fc93720,2,7,sphere,16,514,1024,2,0,ply,19708,lib-c,7,1.2488
2026-10-06T16:03:05.556Z,node 22.23.3,linux,x64,Intel(R) Core(TM) i5-10400F CPU @ 2.90GHz,b60d2fc93720,2,7,sphere,16,514,1024,2,0,ply,19708,topologie,1,1.5972
2026-10-06T16:03:05.556Z,node 22.23.3,linux,x64,Intel(R) Core(TM) i5-10400F CPU @ 2.90GHz,b60d2fc93720,2,7,sphere,16,514,1024,2,0,ply,19708,topologie,2,2.0227
2026-10-06T16:03:05.556Z,node 22.23.3,linux,x64,Intel(R) Core(TM) i5-10400F CPU @ 2.90GHz,b60d2fc93720,2,7,sphere,16,514,1024,2,0,ply,19708,topologie,3,0.9631
2026-10-06T16:03:05.556Z,node 22.23.3,linux,x64,Intel(R) Core(TM) i5-10400F CPU @ 2.90GHz,b60d2fc93720,2,7,sphere,16,514,1024,2,0,ply,19708,topologie,4,0.9025
2026-10-06T16:03:05.556Z,node 22.23.3,linux,x64,Intel(R) Core(TM) i5-10400F CPU @ 2.90GHz,b60d2fc93720,2,7,sphere,16,514,1024,2,0,ply,19708,topologie,5,0.9292
2026-10-06T16:03:05.556Z,node 22.23.3,linux,x64,Intel(R) Core(TM) i5-10400F CPU @ 2.90GHz,b60d2fc93720,2,7,sphere,16,514,1024,2,0,ply,19708,topologie,6,0.8747
2026-10-06T16:03:05.556Z,node 22.23.3,linux,x64,Intel(R) Core(TM) i5-10400F CPU @ 2.90GHz,b60d2fc93720,2,7,sphere,16,514,1024,2,0,ply,19708,topologie,7,0.8788
2026-10-06T16:03:05.556Z,node 22.23.3,linux,x64,Intel(R) Core(TM) i5-10400F CPU @ 2.90GHz,b60d2fc93720,2,7,sphere,16,514,1024,2,0,stl,51284,lib-c,1,5.4709
2026-10-06T16:03:05.556Z,node 22.23.3,linux,x64,Intel(R) Core(TM) i5-10400F CPU @ 2.90GHz,b60d2fc93720,2,7,sphere,16,514,1024,2,0,stl,51284,lib-c,2,3.8848
2026-10-06T16:03:05.556Z,node 22.23.3,linux,x64,Intel(R) Core(TM) i5-10400F CPU @ 2.90GHz,b60d2fc93720,2,7,sphere,16,514,1024,2,0,stl,51284,lib-c,3,4.0618
2026-10-06T16:03:05.556Z,node 22.23.3,linux,x64,Intel(R) Core(TM) i5-10400F CPU @ 2.90GHz,b60d2fc93720,2,7,sphere,16,514,1024,2,0,stl,51284,lib-c,4,3.6359
2026-10-06T16:03:05.556Z,node 22.23.3,linux,x64,Intel(R) Core(TM) i5-10400F CPU @ 2.90GHz,b60d2fc93720,2,7,sphere,16,514,1024,2,0,stl,51284,lib-c,5,2.7310
2026-10-06T16:03:05.556Z,node 22.23.3,linux,x64,Intel(R) Core(TM) i5-10400F CPU @ 2.90GHz,b60d2fc93720,2,7,sphere,16,514,1024,2,0,stl,51284,lib-c,6,2.6054
2026-10-06T16:03:05.556Z,node 22.23.3,linux,x64,Intel(R) Core(TM) i5-10400F CPU @ 2.90GHz,b60d2fc93720,2,7,sphere,16,514,1024,2,0,stl,51284,lib-c,7,2.8496
2026-10-06T16:03:05.556Z,node 22.23.3,linux,x64,Intel(R) Core(TM) i5-10400F CPU @ 2.90GHz,b60d2fc93720,2,7,sphere,16,514,1024,2,0,stl,51284,topologie,1,3.1523
2026-10-06T16:03:05.556Z,node 22.23.3,linux,x64,Intel(R) Core(TM) i5-10400F CPU @ 2.90GHz,b60d2fc93720,2,7,sphere,16,514,1024,2,0,stl,51284,topologie,2,2.1195
2026-10-06T16:03:05.556Z,node 22.23.3,linux,x64,Intel(R) Core(TM) i5-10400F CPU @ 2.90GHz,b60d2fc93720,2,7,sphere,16,514,1024,2,0,stl,51284,topologie,3,1.9458
2026-10-06T16:03:05.556Z,node 22.23.3,linux,x64,Intel(R) Core(TM) i5-10400F CPU @ 2.90GHz,b60d2fc93720,2,7,sphere,16,514,1024,2,0,stl,51284,topologie,4,2.3789
2026-10-06T16:03:05.556Z,node 22.23.3,linux,x64,Intel(R) Core(TM) i5-10400F CPU @ 2.90GHz,b60d2fc93720,2,7,sphere,16,514,1024,2,0,stl,51284,topologie,5,2.3350
2026-10-06T16:03:05.556Z,node 22.23.3,linux,x64,Intel(R) Core(TM) i5-10400F CPU @ 2.90GHz,b60d2fc93720,2,7,sphere,16,514,1024,2,0,stl,51284,topologie,6,2.1501
2026-10-06T16:03:05.556Z,node 22.23.3,linux,x64,Intel(R) Core(TM) i5-10400F CPU @ 2.90GHz,b60d2fc93720,2,7,sphere,16,514,1024,2,0,stl,51284,topologie,7,2.1554
2026-10-06T16:03:05.556Z,node 22.23.3,linux,x64,Intel(R) Core(TM) i5-10400F CPU @ 2.90GHz,b60d2fc93720,2,7,sphere,32,2050,4096,2,0,obj,125600,lib-c,1,13.4802
2026-10-06T16:03:05.556Z,node 22.23.3,linux,x64,Intel(R) Core(TM) i5-10400F CPU @ 2.90GHz,b60d2fc93720,2,7,sphere,32,2050,4096,2,0,obj,125600,lib-c,2,13.3074
2026-10-06T16:03:05.556Z,node 22.23.3,linux,x64,Intel(R) Core(TM) i5-10400F CPU @ 2.90GHz,b60d2fc93720,2,7,sphere,32,2050,4096,2,0,obj,125600,lib-c,3,15.8235
2026-10-06T16:03:05.556Z,node 22.23.3,linux,x64,Intel(R) Core(TM) i5-10400F CPU @ 2.90GHz,b60d2fc93720,2,7,sphere,32,2050,4096,2,0,obj,125600,lib-c,4,14.2874
2026-10-06T16:03:05.556Z,node 22.23.3,linux,x64,Intel(R) Core(TM) i5-10400F CPU @ 2.90GHz,b60d2fc93720,2,7,sphere,32,2050,4096,2,0,obj,125600,lib-c,5,13.5392
2026-10-06T16:03:05.556Z,node 22.23.3,linux,x64,Intel(R) Core(TM) i5-10400F CPU @ 2.90GHz,b60d2fc93720,2,7,sphere,32,2050,4096,2,0,obj,125600,lib-c,6,14.1707
2026-10-06T16:03:05.556Z,node 22.23.3,linux,x64,Intel(R) Core(TM) i5-10400F CPU @ 2.90GHz,b60d2fc93720,2,7,sphere,32,2050,4096,2,0,obj,125600,lib-c,7,14.6432
2026-10-06T16:03:05.556Z,node 22.23.3,linux,x64,Intel(R) Core(TM) i5-10400F CPU @ 2.90GHz,b60d2fc93720,2,7,sphere,32,2050,4096,2,0,obj,125600,topologie,1,10.6607
2026-10-06T16:03:05.556Z,node 22.23.3,linux,x64,Intel(R) Core(TM) i5-10400F CPU @ 2.90GHz,b60d2fc93720,2,7,sphere,32,2050,4096,2,0,obj,125600,topologie,2,10.2996
2026-10-06T16:03:05.556Z,node 22.23.3,linux,x64,Intel(R) Core(TM) i5-10400F CPU @ 2.90GHz,b60d2fc93720,2,7,sphere,32,2050,4096,2,0,obj,125600,topologie,3,10.5309
2026-10-06T16:03:05.556Z,node 22.23.3,linux,x64,Intel(R) Core(TM) i5-10400F CPU @ 2.90GHz,b60d2fc93720,2,7,sphere,32,2050,4096,2,0,obj,125600,topologie,4,10.1211
2026-10-06T16:03:05.556Z,node 22.23.3,linux,x64,Intel(R) Core(TM) i5-10400F CPU @ 2.90GHz,b60d2fc93720,2,7,sphere,32,2050,4096,2,0,obj,125600,topologie,5,11.6302
2026-10-06T16:03:05.556Z,node 22.23.3,linux,x64,Intel(R) Core(TM) i5-10400F CPU @ 2.90GHz,b60d2fc93720,2,7,sphere,32,2050,4096,2,0,obj,125600,topologie,6,10.6037
2026-10-06T16:03:05.556Z,node 22.23.3,linux,x64,Intel(R) Core(TM) i5-10400F CPU @ 2.90GHz,b60d2fc93720,2,7,sphere,32,2050,4096,2,0,obj,125600,topologie,7,10.5122
2026-10-06T16:03:05.556Z,node 22.23.3,linux,x64,Intel(R) Core(TM) i5-10400F CPU @ 2.90GHz,b60d2fc93720,2,7,sphere,32,2050,4096,2,0,ply,78077,lib-c,1,6.1877
2026-10-06T16:03:05.556Z,node 22.23.3,linux,x64,Intel(R) Core(TM) i5-10400F CPU @ 2.90GHz,b60d2fc93720,2,7,sphere,32,2050,4096,2,0,ply,78077,lib-c,2,5.5378
2026-10-06T16:03:05.556Z,node 22.23.3,linux,x64,Intel(R) Core(TM) i5-10400F CPU @ 2.90GHz,b60d2fc93720,2,7,sphere,32,2050,4096,2,0,ply,78077,lib-c,3,5.9411
2026-10-06T16:03:05.556Z,node 22.23.3,linux,x64,Intel(R) Core(TM) i5-10400F CPU @ 2.90GHz,b60d2fc93720,2,7,sphere,32,2050,4096,2,0,ply,78077,lib-c,4,5.7058
2026-10-06T16:03:05.556Z,node 22.23.3,linux,x64,Intel(R) Core(TM) i5-10400F CPU @ 2.90GHz,b60d2fc93720,2,7,sphere,32,2050,4096,2,0,ply,78077,lib-c,5,5.7120
2026-10-06T16:03:05.556Z,node 22.23.3,linux,x64,Intel(R) Core(TM) i5-10400F CPU @ 2.90GHz,b60d2fc93720,2,7,sphere,32,2050,4096,2,0,ply,78077,lib-c,6,10.3838
2026-10-06T16:03:05.556Z,node 22.23.3,linux,x64,Intel(R) Core(TM) i5-10400F CPU @ 2.90GHz,b60d2fc93720,2,7,sphere,32,2050,4096,2,0,ply,78077,lib-c,7,6.4506
2026-10-06T16:03:05.556Z,node 22.23.3,linux,x64,Intel(R) Core(TM) i5-10400F CPU @ 2.90GHz,b60d2fc93720,2,7,sphere,32,2050,4096,2,0,ply,78077,topologie,1,2.1614
2026-10-06T16:03:05.556Z,node 22.23.3,linux,x64,Intel(R) Core(TM) i5-10400F CPU @ 2.90GHz,b60d2fc93720,2,7,sphere,32,2050,4096,2,0,ply,78077,topologie,2,2.2308
2026-10-06T16:03:05.556Z,node 22.23.3,linux,x64,Intel(R) Core(TM) i5-10400F CPU @ 2.90GHz,b60d2fc93720,2,7,sphere,32,2050,4096,2,0,ply,78077,topologie,3,2.7742
2026-10-06T16:03:05.556Z,node 22.23.3,linux,x64,Intel(R) Core(TM) i5-10400F CPU @ 2.90GHz,b60d2fc93720,2,7,sphere,32,2050,4096,2,0,ply,78077,topologie,4,2.8496
2026-10-06T16:03:05.556Z,node 22.23.3,linux,x64,Intel(R) Core(TM) i5-10400F CPU @ 2.90GHz,b60d2fc93720,2,7,sphere,32,2050,4096,2,0,ply,78077,topologie,5,3.3933
2026-10-06T16:03:05.556Z,node 22.23.3,linux,x64,Intel(R) Core(TM) i5-10400F CPU @ 2.90GHz,b60d2fc93720,2,7,sphere,32,2050,4096,2,0,ply,78077,topologie,6,2.5280
2026-10-06T16:03:05.556Z,node 22.23.3,linux,x64,Intel(R) Core(TM) i5-10400F CPU @ 2.90GHz,b60d2fc93720,2,7,sphere,32,2050,4096,2,0,ply,78077,topologie,7,2.1693
2026-10-06T16:03:05.556Z,node 22.23.3,linux,x64,Intel(R) Core(TM) i5-10400F CPU @ 2.90GHz,b60d2fc93720,2,7,sphere,32,2050,4096,2,0,stl,204884,lib-c,1,13.2221
2026-10-06T16:03:05.556Z,node 22.23.3,linux,x64,Intel(R) Core(TM) i5-10400F CPU @ 2.90GHz,b60d2fc93720,2,7,sphere,32,2050,4096,2,0,stl,204884,lib-c,2,13.2271
2026-10-06T16:03:05.556Z,node 22.23.3,linux,x64,Intel(R) Core(TM) i5-10400F CPU @ 2.90GHz,b60d2fc93720,2,7,sphere,32,2050,4096,2,0,stl,204884,lib-c,3,13.6880
2026-10-06T16:03:05.556Z,node 22.23.3,linux,x64,Intel(R) Core(TM) i5-10400F CPU @ 2.90GHz,b60d2fc93720,2,7,sphere,32,2050,4096,2,0,stl,204884,lib-c,4,15.5903
2026-10-06T16:03:05.556Z,node 22.23.3,linux,x64,Intel(R) Core(TM) i5-10400F CPU @ 2.90GHz,b60d2fc93720,2,7,sphere,32,2050,4096,2,0,stl,204884,lib-c,5,13.2809
2026-10-06T16:03:05.556Z,node 22.23.3,linux,x64,Intel(R) Core(TM) i5-10400F CPU @ 2.90GHz,b60d2fc93720,2,7,sphere,32,2050,4096,2,0,stl,204884,lib-c,6,13.5660
2026-10-06T16:03:05.556Z,node 22.23.3,linux,x64,Intel(R) Core(TM) i5-10400F CPU @ 2.90GHz,b60d2fc93720,2,7,sphere,32,2050,4096,2,0,stl,204884,lib-c,7,12.6367
2026-10-06T16:03:05.556Z,node 22.23.3,linux,x64,Intel(R) Core(TM) i5-10400F CPU @ 2.90GHz,b60d2fc93720,2,7,sphere,32,2050,4096,2,0,stl,204884,topologie,1,9.2726
2026-10-06T16:03:05.556Z,node 22.23.3,linux,x64,Intel(R) Core(TM) i5-10400F CPU @ 2.90GHz,b60d2fc93720,2,7,sphere,32,2050,4096,2,0,stl,204884,topologie,2,10.4247
2026-10-06T16:03:05.556Z,node 22.23.3,linux,x64,Intel(R) Core(TM) i5-10400F CPU @ 2.90GHz,b60d2fc93720,2,7,sphere,32,2050,4096,2,0,stl,204884,topologie,3,8.8855
2026-10-06T16:03:05.556Z,node 22.23.3,linux,x64,Intel(R) Core(TM) i5-10400F CPU @ 2.90GHz,b60d2fc93720,2,7,sphere,32,2050,4096,2,0,stl,204884,topologie,4,9.4024
2026-10-06T16:03:05.556Z,node 22.23.3,linux,x64,Intel(R) Core(TM) i5-10400F CPU @ 2.90GHz,b60d2fc93720,2,7,sphere,32,2050,4096,2,0,stl,204884,topologie,5,10.7721
2026-10-06T16:03:05.556Z,node 22.23.3,linux,x64,Intel(R) Core(TM) i5-10400F CPU @ 2.90GHz,b60d2fc93720,2,7,sphere,32,2050,4096,2,0,stl,204884,topologie,6,8.9158
2026-10-06T16:03:05.556Z,node 22.23.3,linux,x64,Intel(R) Core(TM) i5-10400F CPU @ 2.90GHz,b60d2fc93720,2,7,sphere,32,2050,4096,2,0,stl,204884,topologie,7,9.3602
2026-10-06T16:03:05.556Z,node 22.23.3,linux,x64,Intel(R) Core(TM) i5-10400F CPU @ 2.90GHz,b60d2fc93720,2,7,sphere,64,8194,16384,2,0,obj,521820,lib-c,1,59.3083
2026-10-06T16:03:05.556Z,node 22.23.3,linux,x64,Intel(R) Core(TM) i5-10400F CPU @ 2.90GHz,b60d2fc93720,2,7,sphere,64,8194,16384,2,0,obj,521820,lib-c,2,60.0333
2026-10-06T16:03:05.556Z,node 22.23.3,linux,x64,Intel(R) Core(TM) i5-10400F CPU @ 2.90GHz,b60d2fc93720,2,7,sphere,64,8194,16384,2,0,obj,521820,lib-c,3,63.3757
2026-10-06T16:03:05.556Z,node 22.23.3,linux,x64,Intel(R) Core(TM) i5-10400F CPU @ 2.90GHz,b60d2fc93720,2,7,sphere,64,8194,16384,2,0,obj,521820,lib-c,4,65.9633
2026-10-06T16:03:05.556Z,node 22.23.3,linux,x64,Intel(R) Core(TM) i5-10400F CPU @ 2.90GHz,b60d2fc93720,2,7,sphere,64,8194,16384,2,0,obj,521820,lib-c,5,63.9991
2026-10-06T16:03:05.556Z,node 22.23.3,linux,x64,Intel(R) Core(TM) i5-10400F CPU @ 2.90GHz,b60d2fc93720,2,7,sphere,64,8194,16384,2,0,obj,521820,lib-c,6,59.1380
2026-10-06T16:03:05.556Z,node 22.23.3,linux,x64,Intel(R) Core(TM) i5-10400F CPU @ 2.90GHz,b60d2fc93720,2,7,sphere,64,8194,16384,2,0,obj,521820,lib-c,7,63.2647
2026-10-06T16:03:05.556Z,node 22.23.3,linux,x64,Intel(R) Core(TM) i5-10400F CPU @ 2.90GHz,b60d2fc93720,2,7,sphere,64,8194,16384,2,0,obj,521820,topologie,1,49.4560
2026-10-06T16:03:05.556Z,node 22.23.3,linux,x64,Intel(R) Core(TM) i5-10400F CPU @ 2.90GHz,b60d2fc93720,2,7,sphere,64,8194,16384,2,0,obj,521820,topologie,2,46.1575
2026-10-06T16:03:05.556Z,node 22.23.3,linux,x64,Intel(R) Core(TM) i5-10400F CPU @ 2.90GHz,b60d2fc93720,2,7,sphere,64,8194,16384,2,0,obj,521820,topologie,3,52.7739
2026-10-06T16:03:05.556Z,node 22.23.3,linux,x64,Intel(R) Core(TM) i5-10400F CPU @ 2.90GHz,b60d2fc93720,2,7,sphere,64,8194,16384,2,0,obj,521820,topologie,4,47.1603
2026-10-06T16:03:05.556Z,node 22.23.3,linux,x64,Intel(R) Core(TM) i5-10400F CPU @ 2.90GHz,b60d2fc93720,2,7,sphere,64,8194,16384,2,0,obj,521820,topologie,5,45.0931
2026-10-06T16:03:05.556Z,node 22.23.3,linux,x64,Intel(R) Core(TM) i5-10400F CPU @ 2.90GHz,b60d2fc93720,2,7,sphere,64,8194,16384,2,0,obj,521820,topologie,6,53.4574
2026-10-06T16:03:05.556Z,node 22.23.3,linux,x64,Intel(R) Core(TM) i5-10400F CPU @ 2.90GHz,b60d2fc93720,2,7,sphere,64,8194,16384,2,0,obj,521820,topologie,7,54.2356
2026-10-06T16:03:05.556Z,node 22.23.3,linux,x64,Intel(R) Core(TM) i5-10400F CPU @ 2.90GHz,b60d2fc93720,2,7,sphere,64,8194,16384,2,0,ply,311550,lib-c,1,29.0435
2026-10-06T16:03:05.556Z,node 22.23.3,linux,x64,Intel(R) Core(TM) i5-10400F CPU @ 2.90GHz,b60d2fc93720,2,7,sphere,64,8194,16384,2,0,ply,311550,lib-c,2,28.6287
2026-10-06T16:03:05.556Z,node 22.23.3,linux,x64,Intel(R) Core(TM) i5-10400F CPU @ 2.90GHz,b60d2fc93720,2,7,sphere,64,8194,16384,2,0,ply,311550,lib-c,3,25.6527
2026-10-06T16:03:05.556Z,node 22.23.3,linux,x64,Intel(R) Core(TM) i5-10400F CPU @ 2.90GHz,b60d2fc93720,2,7,sphere,64,8194,16384,2,0,ply,311550,lib-c,4,25.2847
2026-10-06T16:03:05.556Z,node 22.23.3,linux,x64,Intel(R) Core(TM) i5-10400F CPU @ 2.90GHz,b60d2fc93720,2,7,sphere,64,8194,16384,2,0,ply,311550,lib-c,5,25.2137
2026-10-06T16:03:05.556Z,node 22.23.3,linux,x64,Intel(R) Core(TM) i5-10400F CPU @ 2.90GHz,b60d2fc93720,2,7,sphere,64,8194,16384,2,0,ply,311550,lib-c,6,24.1749
2026-10-06T16:03:05.556Z,node 22.23.3,linux,x64,Intel(R) Core(TM) i5-10400F CPU @ 2.90GHz,b60d2fc93720,2,7,sphere,64,8194,16384,2,0,ply,311550,lib-c,7,32.6997
2026-10-06T16:03:05.556Z,node 22.23.3,linux,x64,Intel(R) Core(TM) i5-10400F CPU @ 2.90GHz,b60d2fc93720,2,7,sphere,64,8194,16384,2,0,ply,311550,topologie,1,14.9179
2026-10-06T16:03:05.556Z,node 22.23.3,linux,x64,Intel(R) Core(TM) i5-10400F CPU @ 2.90GHz,b60d2fc93720,2,7,sphere,64,8194,16384,2,0,ply,311550,topologie,2,11.1898
2026-10-06T16:03:05.556Z,node 22.23.3,linux,x64,Intel(R) Core(TM) i5-10400F CPU @ 2.90GHz,b60d2fc93720,2,7,sphere,64,8194,16384,2,0,ply,311550,topologie,3,11.1688
2026-10-06T16:03:05.556Z,node 22.23.3,linux,x64,Intel(R) Core(TM) i5-10400F CPU @ 2.90GHz,b60d2fc93720,2,7,sphere,64,8194,16384,2,0,ply,311550,topologie,4,11.6950
2026-10-06T16:03:05.556Z,node 22.23.3,linux,x64,Intel(R) Core(TM) i5-10400F CPU @ 2.90GHz,b60d2fc93720,2,7,sphere,64,8194,16384,2,0,ply,311550,topologie,5,9.2070
2026-10-06T16:03:05.556Z,node 22.23.3,linux,x64,Intel(R) Core(TM) i5-10400F CPU @ 2.90GHz,b60d2fc93720,2,7,sphere,64,8194,16384,2,0,ply,311550,topologie,6,10.3752
2026-10-06T16:03:05.556Z,node 22.23.3,linux,x64,Intel(R) Core(TM) i5-10400F CPU @ 2.90GHz,b60d2fc93720,2,7,sphere,64,8194,16384,2,0,ply,311550,topologie,7,11.2285
2026-10-06T16:03:05.556Z,node 22.23.3,linux,x64,Intel(R) Core(TM) i5-10400F CPU @ 2.90GHz,b60d2fc93720,2,7,sphere,64,8194,16384,2,0,stl,819284,lib-c,1,57.9360
2026-10-06T16:03:05.556Z,node 22.23.3,linux,x64,Intel(R) Core(TM) i5-10400F CPU @ 2.90GHz,b60d2fc93720,2,7,sphere,64,8194,16384,2,0,stl,819284,lib-c,2,59.5600
2026-10-06T16:03:05.556Z,node 22.23.3,linux,x64,Intel(R) Core(TM) i5-10400F CPU @ 2.90GHz,b60d2fc93720,2,7,sphere,64,8194,16384,2,0,stl,819284,lib-c,3,58.6321
2026-10-06T16:03:05.556Z,node 22.23.3,linux,x64,Intel(R) Core(TM) i5-10400F CPU @ 2.90GHz,b60d2fc93720,2,7,sphere,64,8194,16384,2,0,stl,819284,lib-c,4,55.1767
2026-10-06T16:03:05.556Z,node 22.23.3,linux,x64,Intel(R) Core(TM) i5-10400F CPU @ 2.90GHz,b60d2fc93720,2,7,sphere,64,8194,16384,2,0,stl,819284,lib-c,5,56.6206
2026-10-06T16:03:05.556Z,node 22.23.3,linux,x64,Intel(R) Core(TM) i5-10400F CPU @ 2.90GHz,b60d2fc93720,2,7,sphere,64,8194,16384,2,0,stl,819284,lib-c,6,64.4059
2026-10-06T16:03:05.556Z,node 22.23.3,linux,x64,Intel(R) Core(TM) i5-10400F CPU @ 2.90GHz,b60d2fc93720,2,7,sphere,64,8194,16384,2,0,stl,819284,lib-c,7,60.6199
2026-10-06T16:03:05.556Z,node 22.23.3,linux,x64,Intel(R) Core(TM) i5-10400F CPU @ 2.90GHz,b60d2fc93720,2,7,sphere,64,8194,16384,2,0,stl,819284,topologie,1,58.8590
2026-10-06T16:03:05.556Z,node 22.23.3,linux,x64,Intel(R) Core(TM) i5-10400F CPU @ 2.90GHz,b60d2fc93720,2,7,sphere,64,8194,16384,2,0,stl,819284,topologie,2,55.3856
2026-10-06T16:03:05.556Z,node 22.23.3,linux,x64,Intel(R) Core(TM) i5-10400F CPU @ 2.90GHz,b60d2fc93720,2,7,sphere,64,8194,16384,2,0,stl,819284,topologie,3,47.8262
2026-10-06T16:03:05.556Z,node 22.23.3,linux,x64,Intel(R) Core(TM) i5-10400F CPU @ 2.90GHz,b60d2fc93720,2,7,sphere,64,8194,16384,2,0,stl,819284,topologie,4,49.7820
2026-10-06T16:03:05.556Z,node 22.23.3,linux,x64,Intel(R) Core(TM) i5-10400F CPU @ 2.90GHz,b60d2fc93720,2,7,sphere,64,8194,16384,2,0,stl,819284,topologie,5,44.9021
2026-10-06T16:03:05.556Z,node 22.23.3,linux,x64,Intel(R) Core(TM) i5-10400F CPU @ 2.90GHz,b60d2fc93720,2,7,sphere,64,8194,16384,2,0,stl,819284,topologie,6,49.1319
2026-10-06T16:03:05.556Z,node 22.23.3,linux,x64,Intel(R) Core(TM) i5-10400F CPU @ 2.90GHz,b60d2fc93720,2,7,sphere,64,8194,16384,2,0,stl,819284,topologie,7,46.2773
2026-10-06T16:03:05.556Z,node 22.23.3,linux,x64,Intel(R) Core(TM) i5-10400F CPU @ 2.90GHz,b60d2fc93720,2,7,sphere,128,32770,65536,2,0,obj,2243661,lib-c,1,260.6168
2026-10-06T16:03:05.556Z,node 22.23.3,linux,x64,Intel(R) Core(TM) i5-10400F CPU @ 2.90GHz,b60d2fc93720,2,7,sphere,128,32770,65536,2,0,obj,2243661,lib-c,2,254.8363
2026-10-06T16:03:05.556Z,node 22.23.3,linux,x64,Intel(R) Core(TM) i5-10400F CPU @ 2.90GHz,b60d2fc93720,2,7,sphere,128,32770,65536,2,0,obj,2243661,lib-c,3,248.6590
2026-10-06T16:03:05.556Z,node 22.23.3,linux,x64,Intel(R) Core(TM) i5-10400F CPU @ 2.90GHz,b60d2fc93720,2,7,sphere,128,32770,65536,2,0,obj,2243661,lib-c,4,248.1171
2026-10-06T16:03:05.556Z,node 22.23.3,linux,x64,Intel(R) Core(TM) i5-10400F CPU @ 2.90GHz,b60d2fc93720,2,7,sphere,128,32770,65536,2,0,obj,2243661,lib-c,5,282.1582
2026-10-06T16:03:05.556Z,node 22.23.3,linux,x64,Intel(R) Core(TM) i5-10400F CPU @ 2.90GHz,b60d2fc93720,2,7,sphere,128,32770,65536,2,0,obj,2243661,lib-c,6,251.5501
2026-10-06T16:03:05.556Z,node 22.23.3,linux,x64,Intel(R) Core(TM) i5-10400F CPU @ 2.90GHz,b60d2fc93720,2,7,sphere,128,32770,65536,2,0,obj,2243661,lib-c,7,257.4775
2026-10-06T16:03:05.556Z,node 22.23.3,linux,x64,Intel(R) Core(TM) i5-10400F CPU @ 2.90GHz,b60d2fc93720,2,7,sphere,128,32770,65536,2,0,obj,2243661,topologie,1,221.7138
2026-10-06T16:03:05.556Z,node 22.23.3,linux,x64,Intel(R) Core(TM) i5-10400F CPU @ 2.90GHz,b60d2fc93720,2,7,sphere,128,32770,65536,2,0,obj,2243661,topologie,2,188.1375
2026-10-06T16:03:05.556Z,node 22.23.3,linux,x64,Intel(R) Core(TM) i5-10400F CPU @ 2.90GHz,b60d2fc93720,2,7,sphere,128,32770,65536,2,0,obj,2243661,topologie,3,191.5600
2026-10-06T16:03:05.556Z,node 22.23.3,linux,x64,Intel(R) Core(TM) i5-10400F CPU @ 2.90GHz,b60d2fc93720,2,7,sphere,128,32770,65536,2,0,obj,2243661,topologie,4,188.1879
2026-10-06T16:03:05.556Z,node 22.23.3,linux,x64,Intel(R) Core(TM) i5-10400F CPU @ 2.90GHz,b60d2fc93720,2,7,sphere,128,32770,65536,2,0,obj,2243661,topologie,5,177.8722
2026-10-06T16:03:05.556Z,node 22.23.3,linux,x64,Intel(R) Core(TM) i5-10400F CPU @ 2.90GHz,b60d2fc93720,2,7,sphere,128,32770,65536,2,0,obj,2243661,topologie,6,190.7987
2026-10-06T16:03:05.556Z,node 22.23.3,linux,x64,Intel(R) Core(TM) i5-10400F CPU @ 2.90GHz,b60d2fc93720,2,7,sphere,128,32770,65536,2,0,obj,2243661,topologie,7,186.9463
2026-10-06T16:03:05.556Z,node 22.23.3,linux,x64,Intel(R) Core(TM) i5-10400F CPU @ 2.90GHz,b60d2fc93720,2,7,sphere,128,32770,65536,2,0,ply,1245439,lib-c,1,116.8502
2026-10-06T16:03:05.556Z,node 22.23.3,linux,x64,Intel(R) Core(TM) i5-10400F CPU @ 2.90GHz,b60d2fc93720,2,7,sphere,128,32770,65536,2,0,ply,1245439,lib-c,2,119.4684
2026-10-06T16:03:05.556Z,node 22.23.3,linux,x64,Intel(R) Core(TM) i5-10400F CPU @ 2.90GHz,b60d2fc93720,2,7,sphere,128,32770,65536,2,0,ply,1245439,lib-c,3,133.8664
2026-10-06T16:03:05.556Z,node 22.23.3,linux,x64,Intel(R) Core(TM) i5-10400F CPU @ 2.90GHz,b60d2fc93720,2,7,sphere,128,32770,65536,2,0,ply,1245439,lib-c,4,122.1379
2026-10-06T16:03:05.556Z,node 22.23.3,linux,x64,Intel(R) Core(TM) i5-10400F CPU @ 2.90GHz,b60d2fc93720,2,7,sphere,128,32770,65536,2,0,ply,1245439,lib-c,5,112.7244
2026-10-06T16:03:05.556Z,node 22.23.3,linux,x64,Intel(R) Core(TM) i5-10400F CPU @ 2.90GHz,b60d2fc93720,2,7,sphere,128,32770,65536,2,0,ply,1245439,lib-c,6,126.6673
2026-10-06T16:03:05.556Z,node 22.23.3,linux,x64,Intel(R) Core(TM) i5-10400F CPU @ 2.90GHz,b60d2fc93720,2,7,sphere,128,32770,65536,2,0,ply,1245439,lib-c,7,118.2758
2026-10-06T16:03:05.556Z,node 22.23.3,linux,x64,Intel(R) Core(TM) i5-10400F CPU @ 2.90GHz,b60d2fc93720,2,7,sphere,128,32770,65536,2,0,ply,1245439,topologie,1,45.2426
2026-10-06T16:03:05.556Z,node 22.23.3,linux,x64,Intel(R) Core(TM) i5-10400F CPU @ 2.90GHz,b60d2fc93720,2,7,sphere,128,32770,65536,2,0,ply,1245439,topologie,2,51.0484
2026-10-06T16:03:05.556Z,node 22.23.3,linux,x64,Intel(R) Core(TM) i5-10400F CPU @ 2.90GHz,b60d2fc93720,2,7,sphere,128,32770,65536,2,0,ply,1245439,topologie,3,51.0708
2026-10-06T16:03:05.556Z,node 22.23.3,linux,x64,Intel(R) Core(TM) i5-10400F CPU @ 2.90GHz,b60d2fc93720,2,7,sphere,128,32770,65536,2,0,ply,1245439,topologie,4,50.0431
2026-10-06T16:03:05.556Z,node 22.23.3,linux,x64,Intel(R) Core(TM) i5-10400F CPU @ 2.90GHz,b60d2fc93720,2,7,sphere,128,32770,65536,2,0,ply,1245439,topologie,5,47.8057
2026-10-06T16:03:05.556Z,node 22.23.3,linux,x64,Intel(R) Core(TM) i5-10400F CPU @ 2.90GHz,b60d2fc93720,2,7,sphere,128,32770,65536,2,0,ply,1245439,topologie,6,42.0004
2026-10-06T16:03:05.556Z,node 22.23.3,linux,x64,Intel(R) Core(TM) i5-10400F CPU @ 2.90GHz,b60d2fc93720,2,7,sphere,128,32770,65536,2,0,ply,1245439,topologie,7,43.1909
2026-10-06T16:03:05.556Z,node 22.23.3,linux,x64,Intel(R) Core(TM) i5-10400F CPU @ 2.90GHz,b60d2fc93720,2,7,sphere,128,32770,65536,2,0,stl,3276884,lib-c,1,289.3965
2026-10-06T16:03:05.556Z,node 22.23.3,linux,x64,Intel(R) Core(TM) i5-10400F CPU @ 2.90GHz,b60d2fc93720,2,7,sphere,128,32770,65536,2,0,stl,3276884,lib-c,2,257.0415
2026-10-06T16:03:05.556Z,node 22.23.3,linux,x64,Intel(R) Core(TM) i5-10400F CPU @ 2.90GHz,b60d2fc93720,2,7,sphere,128,32770,65536,2,0,stl,3276884,lib-c,3,281.5701
2026-10-06T16:03:05.556Z,node 22.23.3,linux,x64,Intel(R) Core(TM) i5-10400F CPU @ 2.90GHz,b60d2fc93720,2,7,sphere,128,32770,65536,2,0,stl,3276884,lib-c,4,326.3037
2026-10-06T16:03:05.556Z,node 22.23.3,linux,x64,Intel(R) Core(TM) i5-10400F CPU @ 2.90GHz,b60d2fc93720,2,7,sphere,128,32770,65536,2,0,stl,3276884,lib-c,5,356.4556
2026-10-06T16:03:05.556Z,node 22.23.3,linux,x64,Intel(R) Core(TM) i5-10400F CPU @ 2.90GHz,b60d2fc93720,2,7,sphere,128,32770,65536,2,0,stl,3276884,lib-c,6,257.0890
2026-10-06T16:03:05.556Z,node 22.23.3,linux,x64,Intel(R) Core(TM) i5-10400F CPU @ 2.90GHz,b60d2fc93720,2,7,sphere,128,32770,65536,2,0,stl,3276884,lib-c,7,252.4027
2026-10-06T16:03:05.556Z,node 22.23.3,linux,x64,Intel(R) Core(TM) i5-10400F CPU @ 2.90GHz,b60d2fc93720,2,7,sphere,128,32770,65536,2,0,stl,3276884,topologie,1,279.9490
2026-10-06T16:03:05.556Z,node 22.23.3,linux,x64,Intel(R) Core(TM) i5-10400F CPU @ 2.90GHz,b60d2fc93720,2,7,sphere,128,32770,65536,2,0,stl,3276884,topologie,2,222.4789
2026-10-06T16:03:05.556Z,node 22.23.3,linux,x64,Intel(R) Core(TM) i5-10400F CPU @ 2.90GHz,b60d2fc93720,2,7,sphere,128,32770,65536,2,0,stl,3276884,topologie,3,216.4976
2026-10-06T16:03:05.556Z,node 22.23.3,linux,x64,Intel(R) Core(TM) i5-10400F CPU @ 2.90GHz,b60d2fc93720,2,7,sphere,128,32770,65536,2,0,stl,3276884,topologie,4,209.9837
2026-10-06T16:03:05.556Z,node 22.23.3,linux,x64,Intel(R) Core(TM) i5-10400F CPU @ 2.90GHz,b60d2fc93720,2,7,sphere,128,32770,65536,2,0,stl,3276884,topologie,5,200.4782
2026-10-06T16:03:05.556Z,node 22.23.3,linux,x64,Intel(R) Core(TM) i5-10400F CPU @ 2.90GHz,b60d2fc93720,2,7,sphere,128,32770,65536,2,0,stl,3276884,topologie,6,202.1057
2026-10-06T16:03:05.556Z,node 22.23.3,linux,x64,Intel(R) Core(TM) i5-10400F CPU @ 2.90GHz,b60d2fc93720,2,7,sphere,128,32770,65536,2,0,stl,3276884,topologie,7,218.0864
2026-10-06T16:03:05.556Z,node 22.23.3,linux,x64,Intel(R) Core(TM) i5-10400F CPU @ 2.90GHz,b60d2fc93720,2,7,sphere,256,131074,262144,2,0,obj,9361098,lib-c,1,1144.9034
2026-10-06T16:03:05.556Z,node 22.23.3,linux,x64,Intel(R) Core(TM) i5-10400F CPU @ 2.90GHz,b60d2fc93720,2,7,sphere,256,131074,262144,2,0,obj,9361098,lib-c,2,1101.2944
2026-10-06T16:03:05.556Z,node 22.23.3,linux,x64,Intel(R) Core(TM) i5-10400F CPU @ 2.90GHz,b60d2fc93720,2,7,sphere,256,131074,262144,2,0,obj,9361098,lib-c,3,1132.6512
2026-10-06T16:03:05.556Z,node 22.23.3,linux,x64,Intel(R) Core(TM) i5-10400F CPU @ 2.90GHz,b60d2fc93720,2,7,sphere,256,131074,262144,2,0,obj,9361098,lib-c,4,1059.8172
2026-10-06T16:03:05.556Z,node 22.23.3,linux,x64,Intel(R) Core(TM) i5-10400F CPU @ 2.90GHz,b60d2fc93720,2,7,sphere,256,131074,262144,2,0,obj,9361098,lib-c,5,1100.0072
2026-10-06T16:03:05.556Z,node 22.23.3,linux,x64,Intel(R) Core(TM) i5-10400F CPU @ 2.90GHz,b60d2fc93720,2,7,sphere,256,131074,262144,2,0,obj,9361098,lib-c,6,1053.1106
2026-10-06T16:03:05.556Z,node 22.23.3,linux,x64,Intel(R) Core(TM) i5-10400F CPU @ 2.90GHz,b60d2fc93720,2,7,sphere,256,131074,262144,2,0,obj,9361098,lib-c,7,1052.9613
2026-10-06T16:03:05.556Z,node 22.23.3,linux,x64,Intel(R) Core(TM) i5-10400F CPU @ 2.90GHz,b60d2fc93720,2,7,sphere,256,131074,262144,2,0,obj,9361098,topologie,1,883.7142
2026-10-06T16:03:05.556Z,node 22.23.3,linux,x64,Intel(R) Core(TM) i5-10400F CPU @ 2.90GHz,b60d2fc93720,2,7,sphere,256,131074,262144,2,0,obj,9361098,topologie,2,815.2821
2026-10-06T16:03:05.556Z,node 22.23.3,linux,x64,Intel(R) Core(TM) i5-10400F CPU @ 2.90GHz,b60d2fc93720,2,7,sphere,256,131074,262144,2,0,obj,9361098,topologie,3,816.3796
2026-10-06T16:03:05.556Z,node 22.23.3,linux,x64,Intel(R) Core(TM) i5-10400F CPU @ 2.90GHz,b60d2fc93720,2,7,sphere,256,131074,262144,2,0,obj,9361098,topologie,4,782.1781
2026-10-06T16:03:05.556Z,node 22.23.3,linux,x64,Intel(R) Core(TM) i5-10400F CPU @ 2.90GHz,b60d2fc93720,2,7,sphere,256,131074,262144,2,0,obj,9361098,topologie,5,866.9104
2026-10-06T16:03:05.556Z,node 22.23.3,linux,x64,Intel(R) Core(TM) i5-10400F CPU @ 2.90GHz,b60d2fc93720,2,7,sphere,256,131074,262144,2,0,obj,9361098,topologie,6,794.5890
2026-10-06T16:03:05.556Z,node 22.23.3,linux,x64,Intel(R) Core(TM) i5-10400F CPU @ 2.90GHz,b60d2fc93720,2,7,sphere,256,131074,262144,2,0,obj,9361098,topologie,7,792.4497
2026-10-06T16:03:05.556Z,node 22.23.3,linux,x64,Intel(R) Core(TM) i5-10400F CPU @ 2.90GHz,b60d2fc93720,2,7,sphere,256,131074,262144,2,0,ply,4980993,lib-c,1,503.4271
2026-10-06T16:03:05.556Z,node 22.23.3,linux,x64,Intel(R) Core(TM) i5-10400F CPU @ 2.90GHz,b60d2fc93720,2,7,sphere,256,131074,262144,2,0,ply,4980993,lib-c,2,492.3549
2026-10-06T16:03:05.556Z,node 22.23.3,linux,x64,Intel(R) Core(TM) i5-10400F CPU @ 2.90GHz,b60d2fc93720,2,7,sphere,256,131074,262144,2,0,ply,4980993,lib-c,3,508.1360
2026-10-06T16:03:05.556Z,node 22.23.3,linux,x64,Intel(R) Core(TM) i5-10400F CPU @ 2.90GHz,b60d2fc93720,2,7,sphere,256,131074,262144,2,0,ply,4980993,lib-c,4,471.4215
2026-10-06T16:03:05.556Z,node 22.23.3,linux,x64,Intel(R) Core(TM) i5-10400F CPU @ 2.90GHz,b60d2fc93720,2,7,sphere,256,131074,262144,2,0,ply,4980993,lib-c,5,510.5490
2026-10-06T16:03:05.556Z,node 22.23.3,linux,x64,Intel(R) Core(TM) i5-10400F CPU @ 2.90GHz,b60d2fc93720,2,7,sphere,256,131074,262144,2,0,ply,4980993,lib-c,6,510.3596
2026-10-06T16:03:05.556Z,node 22.23.3,linux,x64,Intel(R) Core(TM) i5-10400F CPU @ 2.90GHz,b60d2fc93720,2,7,sphere,256,131074,262144,2,0,ply,4980993,lib-c,7,497.4243
2026-10-06T16:03:05.556Z,node 22.23.3,linux,x64,Intel(R) Core(TM) i5-10400F CPU @ 2.90GHz,b60d2fc93720,2,7,sphere,256,131074,262144,2,0,ply,4980993,topologie,1,205.7382
2026-10-06T16:03:05.556Z,node 22.23.3,linux,x64,Intel(R) Core(TM) i5-10400F CPU @ 2.90GHz,b60d2fc93720,2,7,sphere,256,131074,262144,2,0,ply,4980993,topologie,2,203.0540
2026-10-06T16:03:05.556Z,node 22.23.3,linux,x64,Intel(R) Core(TM) i5-10400F CPU @ 2.90GHz,b60d2fc93720,2,7,sphere,256,131074,262144,2,0,ply,4980993,topologie,3,226.2284
2026-10-06T16:03:05.556Z,node 22.23.3,linux,x64,Intel(R) Core(TM) i5-10400F CPU @ 2.90GHz,b60d2fc93720,2,7,sphere,256,131074,262144,2,0,ply,4980993,topologie,4,221.4129
2026-10-06T16:03:05.556Z,node 22.23.3,linux,x64,Intel(R) Core(TM) i5-10400F CPU @ 2.90GHz,b60d2fc93720,2,7,sphere,256,131074,262144,2,0,ply,4980993,topologie,5,195.1562
2026-10-06T16:03:05.556Z,node 22.23.3,linux,x64,Intel(R) Core(TM) i5-10400F CPU @ 2.90GHz,b60d2fc93720,2,7,sphere,256,131074,262144,2,0,ply,4980993,topologie,6,189.9075
2026-10-06T16:03:05.556Z,node 22.23.3,linux,x64,Intel(R) Core(TM) i5-10400F CPU @ 2.90GHz,b60d2fc93720,2,7,sphere,256,131074,262144,2,0,ply,4980993,topologie,7,182.1224
2026-10-06T16:03:05.556Z,node 22.23.3,linux,x64,Intel(R) Core(TM) i5-10400F CPU @ 2.90GHz,b60d2fc93720,2,7,sphere,256,131074,262144,2,0,stl,13107284,lib-c,1,1630.2503
2026-10-06T16:03:05.556Z,node 22.23.3,linux,x64,Intel(R) Core(TM) i5-10400F CPU @ 2.90GHz,b60d2fc93720,2,7,sphere,256,131074,262144,2,0,stl,13107284,lib-c,2,1696.6657
2026-10-06T16:03:05.556Z,node 22.23.3,linux,x64,Intel(R) Core(TM) i5-10400F CPU @ 2.90GHz,b60d2fc93720,2,7,sphere,256,131074,262144,2,0,stl,13107284,lib-c,3,1841.5165
2026-10-06T16:03:05.556Z,node 22.23.3,linux,x64,Intel(R) Core(TM) i5-10400F CPU @ 2.90GHz,b60d2fc93720,2,7,sphere,256,131074,262144,2,0,stl,13107284,lib-c,4,1433.9736
2026-10-06T16:03:05.556Z,node 22.23.3,linux,x64,Intel(R) Core(TM) i5-10400F CPU @ 2.90GHz,b60d2fc93720,2,7,sphere,256,131074,262144,2,0,stl,13107284,lib-c,5,1484.1920
2026-10-06T16:03:05.556Z,node 22.23.3,linux,x64,Intel(R) Core(TM) i5-10400F CPU @ 2.90GHz,b60d2fc93720,2,7,sphere,256,131074,262144,2,0,stl,13107284,lib-c,6,1578.5496
2026-10-06T16:03:05.556Z,node 22.23.3,linux,x64,Intel(R) Core(TM) i5-10400F CPU @ 2.90GHz,b60d2fc93720,2,7,sphere,256,131074,262144,2,0,stl,13107284,lib-c,7,1423.9331
2026-10-06T16:03:05.556Z,node 22.23.3,linux,x64,Intel(R) Core(TM) i5-10400F CPU @ 2.90GHz,b60d2fc93720,2,7,sphere,256,131074,262144,2,0,stl,13107284,topologie,1,1080.8592
2026-10-06T16:03:05.556Z,node 22.23.3,linux,x64,Intel(R) Core(TM) i5-10400F CPU @ 2.90GHz,b60d2fc93720,2,7,sphere,256,131074,262144,2,0,stl,13107284,topologie,2,1286.4981
2026-10-06T16:03:05.556Z,node 22.23.3,linux,x64,Intel(R) Core(TM) i5-10400F CPU @ 2.90GHz,b60d2fc93720,2,7,sphere,256,131074,262144,2,0,stl,13107284,topologie,3,1178.4044
2026-10-06T16:03:05.556Z,node 22.23.3,linux,x64,Intel(R) Core(TM) i5-10400F CPU @ 2.90GHz,b60d2fc93720,2,7,sphere,256,131074,262144,2,0,stl,13107284,topologie,4,1440.4142
2026-10-06T16:03:05.556Z,node 22.23.3,linux,x64,Intel(R) Core(TM) i5-10400F CPU @ 2.90GHz,b60d2fc93720,2,7,sphere,256,131074,262144,2,0,stl,13107284,topologie,5,1362.9266
2026-10-06T16:03:05.556Z,node 22.23.3,linux,x64,Intel(R) Core(TM) i5-10400F CPU @ 2.90GHz,b60d2fc93720,2,7,sphere,256,131074,262144,2,0,stl,13107284,topologie,6,1286.1599
2026-10-06T16:03:05.556Z,node 22.23.3,linux,x64,Intel(R) Core(TM) i5-10400F CPU @ 2.90GHz,b60d2fc93720,2,7,sphere,256,131074,262144,2,0,stl,13107284,topologie,7,1468.1345
